评论者昵称,评论内容,cleaned_content,segmented_content,情感分析结果
56_,这次黎深的剧情特别好！继续保持～也不要忘了给黎深补主线动画！,这次黎深的剧情特别好 继续保持 也不要忘了给黎深补主线动画,这次 黎深 剧情 特别 继续 保持 黎深 主线 动画,1
L,小兔子和星星,小兔子和星星,小兔子 星星,0
鬘华,根红苗正的大帅哥和传统文化绝配啊!,根红苗正的大帅哥和传统文化绝配啊,根红苗正 帅哥 传统 文化 绝配,1
浅尝風甜（冷峻王子Zayne）,和黎深一起过年好幸福,和黎深一起过年好幸福,黎深 一起 过年 幸福,1
黎来！黎从四面八方来！,好漂亮！,好漂亮,漂亮,1
B座诅咒人,和黎深一起做宫灯,和黎深一起做宫灯,黎深 一起 宫灯,1
Nnn_,看来这次不得不带小黎去一趟洛阳了,看来这次不得不带小黎去一趟洛阳了,看来 这次 不得不 小黎 去一趟 洛阳,1
shunli,和星星一起过新年！小年快乐！,和星星一起过新年 小年快乐,星星 一起 新年 小年 快乐,1
Yoloooooooo,谁懂啊我真洛阳人,谁懂啊我真洛阳人,洛阳人,0
苹果樹理学,不要忘最开始做游戏的初忠！,不要忘最开始做游戏的初忠,游戏 初忠,-1
东海与凌（⚡🐟版）,woc 洛阳，IP正确,woc 洛阳 ip正确,woc 洛阳 ip 正确,1
哈哈哈嗝儿,洛阳！欢迎大家来洛阳玩,洛阳 欢迎大家来洛阳玩,洛阳 欢迎 大家 洛阳,1
红细胞,好想去一次洛阳呀,好想去一次洛阳呀,一次 洛阳,1
簌簌南木,我是洛阳人，送我宫灯,我是洛阳人 送我宫灯,洛阳人 宫灯,1
摸🐟爽,可爱小鱼,可爱小鱼,可爱 小鱼,1
上班时把眼睛闭起来很舒服,一人血书跟山东联动,一人血书跟山东联动,一人 血书 山东 联动,1
丝锥尅子回归了🏅,和黎深一起学习非遗洛阳宫灯！,和黎深一起学习非遗洛阳宫灯,黎深 一起 学习 非遗 洛阳 宫灯,1
青城积雨,到我家啦,到我家啦,我家,0
0306的🐟,终于跟俺洛阳联上了,终于跟俺洛阳联上了,终于 洛阳 联上,1
一块猫饼,你又去不了，哈哈,你又去不了 哈哈,不了,0
youz,空子好棒,空子好棒,空子 好棒,1
Nora不吃辣,又又幸福了！暑假绣球 寒假宫灯 好有缘,又又幸福了 暑假绣球 寒假宫灯 好有缘,幸福 暑假 绣球 寒假 宫灯 有缘,1
我妈妈天生丽质【弄简亖了】,和我们的竹马黎深哥哥一起过年,和我们的竹马黎深哥哥一起过年,竹马 黎深 哥哥 一起 过年,1
明天见.,当了医学生之后看黎深帮主控时我真的有点怜爱黎了，本来帮一个八竿子打不着的人去看病人我觉得已经很好了，更别说主控还要转移病人，黎深还动用这么多人情，结果这特么睡了一晚上就算了？至少得抗争一下直到真的没办法了才行吧，人家黎深犯了什么错得陪着主控跟过家家一样，看了这段剧情后我将否认我是主控，我也将否认我过了这段剧情做了这些事。这烂剧情搞得我对哥现在都没啥好感，反而更心疼黎深和你们黎推了,当了医学生之后看黎深帮主控时我真的有点怜爱黎了 本来帮一个八竿子打不着的人去看病人我觉得已经很好了 更别说主控还要转移病人 黎深还动用这么多人情 结果这特么睡了一晚上就算了 至少得抗争一下直到真的没办法了才行吧 人家黎深犯了什么错得陪着主控跟过家家一样 看了这段剧情后我将否认我是主控 我也将否认我过了这段剧情做了这些事 这烂剧情搞得我对哥现在都没啥好感 反而更心疼黎深和你们黎推了,医学生 之后 黎深 帮主 控时 怜爱 本来 八竿子打不着 病人 主控 还要 转移 病人 黎深 动用 人情 这特 就算 至少 抗争 直到 办法 黎深 错得 主控 过家家 这段 剧情 否认 主控 否认 我过 这段 剧情 这烂 剧情 对哥 现在 好感 反而 心疼 黎深 黎推,-1
momo,好好好，但好好打磨一下主线剧情版啊，勤更主线,好 但好好打磨一下主线剧情版啊 勤更主线,好好 打磨 主线 剧情 主线,1
用户已注销,黎深哥哥！,黎深哥哥,黎深 哥哥,1
蔗里糖七颗,到我家门口了啊啊啊啊啊啊啊啊啊,到我家门口了啊,家门口,0
小栗熊.,一周年快乐！新的一年祝大家万事如意！阿空也要越来越好！新年快乐,一周年快乐 新的一年祝大家万事如意 阿空也要越来越好 新年快乐,一周年 快乐 一年 大家 万事如意 阿空 越来越 新年快乐,1
长煜日俱中-（叠满人鱼版🔥🔥🍀）,欢迎来洛阳,欢迎来洛阳,欢迎 洛阳,1
刺挠行为启示录,好好好，以后多出非遗联动，别联动像什么名创优品这种破烂品牌，这种有文化内涵的才有意义,好 以后多出非遗联动 别联动像什么名创优品这种破烂品牌 这种有文化内涵的才有意义,以后 多出 非遗 联动 联动 创优 破烂 品牌 文化 内涵 意义,1
黎辰,河南，，,河南,河南,0
官娃allin但超绝预售期发疯中,如果这个能把每一面图案都做成彩窗透光挂件，不敢想象卖得有多好,如果这个能把每一面图案都做成彩窗透光挂件 不敢想象卖得有多好,一面 图案 做成 彩窗 透光 挂件 不敢 想象 卖得,1
醒醒,卧槽 洛阳人狠狠爽了,卧槽 洛阳人狠狠爽了,洛阳人 狠狠,1
琰琰,小鱼,小鱼,小鱼,0
临空甜甜圈,深空文化输出做的真的很好,深空文化输出做的真的很好,深空 文化 输出,1
狸花带彻（彻来运转）,给彻宝！补卡！！！！,给彻宝 补卡,彻宝 补卡,1
飘啊飘,听说空子复活了,听说空子复活了,听说 空子 复活,0
Luk77,新年快乐！！猎人小姐们！！！,新年快乐 猎人小姐们,新年快乐 猎人 小姐,1
Roni,好！好好！我本地人，黎医生我带你回家,好 好好 我本地人 黎医生我带你回家,好好 本地人 医生 回家,1
你卖🍵有一手（坐祁煜副驾驶版）,好好好和小锦鲤一起,好和小锦鲤一起,锦鲤 一起,1
李鹤一,阿空，我想夸夸你写沈星回两心同同事，看的人心暖暖的，特别棒！,阿空 我想夸夸你写沈星回两心同同事 看的人心暖暖的 特别棒,阿空 夸夸 沈星回 两心同 同事 人心 暖暖的 特别,1
小红薯61AF8F7E,洛阳人狂喜,洛阳人狂喜,洛阳人 狂喜,1
该用户已摆烂,小回,小回,小回,0
Crystal,新年快乐！,新年快乐,新年快乐,1
唯独有个村,我每次看人家老师专家一本正经地说 “各位猎人大家好” 我就有点蚌埠住,我每次看人家老师专家一本正经地说 各位猎人大家好 我就有点蚌埠住,每次 老师 专家 一本正经 地说 猎人 大家 蚌埠,0
脸1点也不圆,天哪啊啊啊不得不和秦彻一起去洛阳了,天哪啊不得不和秦彻一起去洛阳了,不得不 秦彻 一起 洛阳,1
芯芯,啊！我真不想有第6个男主！！！！！谁懂啊！！！,啊 我真不想有第个男主 谁懂啊,不想 第个 男主,-1
浅海,和小鱼一起跨新年,和小鱼一起跨新年,小鱼 一起 新年,1
loq.x,这好久以前的了,这好久以前的了,好久 以前,0
椰子Cyu,哈哈哈哈看我IP啊啊啊啊啊啊哈哈哈哈哈哈哈哈哈,哈看我ip啊哈,哈看 ip 啊哈,0
赵声阁差点没挤进去的陈挽的暗恋,有点不忍心破坏收藏的666,有点不忍心破坏收藏的,不忍心 破坏 收藏,1
临空市的新鲜空气,求求你卖我点非遗联动产品……每次看到都特别馋,求求你卖我点非遗联动产品 每次看到都特别馋,求求 我点 联动 产品 每次 看到 特别,1
草莓牛奶巧克力,和沈星回共赴下一个春天,和沈星回共赴下一个春天,沈星回 共赴 春天,1
ff,竟然是洛阳，我都没仔细看,竟然是洛阳 我都没仔细看,洛阳 仔细,0
小熊超人,传承与弘扬传统文化，支持深空！,传承与弘扬传统文化 支持深空,传承 弘扬 传统 文化 支持 深空,1
Cindy,洛阳人很爱,洛阳人很爱,洛阳人,1
苹果一位,喜欢和传统文化联动——！新年和祁煜一起！阿空继续保持呀！上次的绣球非遗也特别喜欢！就要这样！,喜欢和传统文化联动 新年和祁煜一起 阿空继续保持呀 上次的绣球非遗也特别喜欢 就要这样,喜欢 传统 文化 联动 新年 祁煜 一起 阿空 继续 保持 上次 绣球 非遗 特别 喜欢 就要,1
米球兔,棒棒哒，这几天新功能不错，我不准任何人忤逆你,棒棒哒 这几天新功能不错 我不准任何人忤逆你,棒棒 几天 功能 不错 不准 任何人 忤逆,1
黄油曲奇饼,这不得在线下搞点活动啊 夺近呐 也就150公里的事 搞了我马上去,这不得在线下搞点活动啊 夺近呐 也就公里的事 搞了我马上去,不得 在线 活动 夺近 公里 马上,1
Forgotten,蓦然回首 那人却在，灯火阑珊处！！！！！,蓦然回首 那人却在 灯火阑珊处,蓦然回首 那人 灯火阑珊,1
今天也是超级幸运的夏冰,干得好空子，看了真的想去洛阳啊，向往好久了,干得好空子 看了真的想去洛阳啊 向往好久了,干得 空子 洛阳 向往 好久,1
。,不要再更新男主了，要做就做好来，不忘初心，把现在的五个男主保护好，对他们好一些，不要老是站桩了。,不要再更新男主了 要做就做好来 不忘初心 把现在的五个男主保护好 对他们好一些 不要老是站桩了,更新 男主 做好 不忘 初心 现在 五个 男主 保护 老是,-1
弦银,世界浩大，天地辽阔，风尘满身，灯火可亲    这句话写的真是太好，这次联动也依然特别有心,世界浩大 天地辽阔 风尘满身 灯火可亲 这句话写的真是太好 这次联动也依然特别有心,世界 浩大 天地 辽阔 风尘 满身 灯火 可亲 这句 真是太 这次 联动 依然 特别 有心,1
🤣👆,多搞点有意义的好吗，别搞问卷里的那些乱七八糟的，咱们听话哈,多搞点有意义的好吗 别搞问卷里的那些乱七八糟的 咱们听话哈,意义 别搞 问卷 乱七八糟 听话,-1
海参熊,叠，我原谅你了，做得好！朕与阿空何曾有过嫌隙~,叠 我原谅你了 做得好 朕与阿空何曾有过嫌隙,原谅 做得好 阿空 何曾 有过 嫌隙,1
就叫672AB8C4了,每次看见推上有外国人意识到是中国元素的时候都好激动。这点要夸一下,每次看见推上有外国人意识到是中国元素的时候都好激动 这点要夸一下,每次 看见 推上 外国人 意识 中国 元素 激动 这点,1
狐狸狸狸狸猫,好看的灯笼 我赶紧上线继续做材料嘿嘿,好看的灯笼 我赶紧上线继续做材料嘿嘿,好看 灯笼 赶紧 上线 继续 材料 嘿嘿,1
用户已注销,讲道理空子，能不能把主控写的聪明一点？,讲道理空子 能不能把主控写的聪明一点,讲道理 空子 主控 聪明,-1
云云云云,很用心的联动，想到了之前绣球的联动，文化的瑰宝很丰富，用游戏的方式传播传统文化，很棒 ，很有意义👍🏻希望这样的联动能够保持下去。,很用心的联动 想到了之前绣球的联动 文化的瑰宝很丰富 用游戏的方式传播传统文化 很棒 很有意义 希望这样的联动能够保持下去,用心 联动 想到 之前 绣球 联动 文化 瑰宝 丰富 游戏 方式 传播 传统 文化 很棒 意义 希望 联动 能够 保持 下去,1
踏雪巡妹,沈星回好适合这种古韵感,沈星回好适合这种古韵感,沈星回 适合 古韵感,1
什么时候才能退休在家打游戏,和黎深哥哥一起～,和黎深哥哥一起,黎深 哥哥 一起,1
小红薯662D7204,还有这个活动吗,还有这个活动吗,活动,0
喜树,今夕是何年,今夕是何年,今夕 何年,0
닝이팅🐱,做为一个洛阳人和玩恋与深空的人为什么我都不知道呀,做为一个洛阳人和玩恋与深空的人为什么我都不知道呀,洛阳人 玩恋 深空 知道,0
白日梦想,给我干什么时候来了,给我干什么时候来了,干什么,0
uuu,只联动大的,只联动大的,联动,1
蛙蛙,刚从那回来,刚从那回来,回来,0
幸会ovo,怎么才看到,怎么才看到,看到,0
华生不吃花生吃无花果干,真的出非遗了！！！,真的出非遗了,出非,1
诉茉molly,我家乡呜呜呜呜感动,我家乡呜感动,家乡 感动,1
Wen,啊啊啊是我的家乡,啊是我的家乡,家乡,1
hubby,给我干哪来了,给我干哪来了,哪来,0
midnights,啊啊啊我才发现当时活动发视频的时候正好在洛阳旅游，这就是宿命吗,啊我才发现当时活动发视频的时候正好在洛阳旅游 这就是宿命吗,发现 当时 活动 视频 正好 洛阳 旅游 宿命,1
安心睡吧，我的大雪人,我说这个科普的背景怎么那么熟悉,我说这个科普的背景怎么那么熟悉,科普 背景 熟悉,0
Wen,欢迎猎人小姐们来洛阳玩,欢迎猎人小姐们来洛阳玩,欢迎 猎人 小姐 洛阳,1
inspiration,我竟然过完了才发现,我竟然过完了才发现,发现,0
一只虎喵,你今天的pv对得起这宫灯么你,你今天的pv对得起这宫灯么你,今天 pv 对得起 宫灯,-1
一枝白茶,河南人很骄傲,河南人很骄傲,河南人 骄傲,1
Rudius,看洛阳,看洛阳,洛阳,0
今晚几点睡,活动都结束了我才知道还有咱河南的事儿,活动都结束了我才知道还有咱河南的事儿,活动 结束 知道 河南 事儿,0
林青杭,开头这个我去年去过,开头这个我去年去过,开头 去年 去过,0
笛方花,飞鸟回还日下一章什么时候更新啊！！！,飞鸟回还日下一章什么时候更新啊,飞鸟 一章 更新,0
黑色蒲公英老大,希望宫灯这种自组小游戏下一次可以自己调零件颜色，有些放上去还是太突兀了,希望宫灯这种自组小游戏下一次可以自己调零件颜色 有些放上去还是太突兀了,希望 宫灯 自组 小游戏 一次 零件 颜色 放上去 突兀,0
行玦,应天门开头是，也是联动上了,应天门开头是 也是联动上了,天门 开头 联动,0
777,之前没看这个视频还以为是新pv,之前没看这个视频还以为是新pv,之前 视频 以为 pv,0
二月的风,今天刚有空拼，没想到是宫灯，真的漂亮精致！会变成藏品的吧,今天刚有空拼 没想到是宫灯 真的漂亮精致 会变成藏品的吧,今天 有空 没想到 宫灯 漂亮 精致 变成 藏品,1
黎安野柠.apple,快发PV,快发pv,快发 pv,0
W N109区迪8朵玫瑰🌰,秦彻新年快乐,秦彻新年快乐,秦彻 新年快乐,1
蛋花汤呀,这次制作宫灯小游戏真的设计好美！想收藏的那种，要是有实物春节挂在家门口肯定超美！！,这次制作宫灯小游戏真的设计好美 想收藏的那种 要是有实物春节挂在家门口肯定超美,这次 制作 宫灯 小游戏 设计 好美 收藏 那种 实物 春节 家门口 肯定 超美,1
夏以昼你的辟谷好大,pv呢！！！,pv呢,pv,0
云阳ml,河南人上桌了,河南人上桌了,河南人 上桌,-1
徐徐不知,特别喜欢！,特别喜欢,特别 喜欢,1
momo,终于有一次家门口联动,终于有一次家门口联动,终于 一次 家门口 联动,1
困困兔汪,多联动传统文化,多联动传统文化,联动 传统 文化,1
用户已注销,河南人狂喜,河南人狂喜,河南人 狂喜,1
momo423,这下ip正确了,这下ip正确了,这下 ip 正确,1
阿涵,河南人狂喜,河南人狂喜,河南人 狂喜,1
QuANDo,为什么吃我蓝票,为什么吃我蓝票,蓝票,-1
QuANDo,为什么吃我蓝票,为什么吃我蓝票,蓝票,-1
戈雾桉关,河南人非常喜欢,河南人非常喜欢,河南人 喜欢,1
勒马听风,我家！,我家,我家,0
momo,到家了,到家了,到家,0
狐与🍎皆得,夏以昼新年快乐!,夏以昼新年快乐,夏以昼 新年快乐,1
moriipine,这次活动的灯笼素材都特别好看呀,这次活动的灯笼素材都特别好看呀,这次 活动 灯笼 素材 特别 好看,1
荔枝枝枝枝.,新年快乐！！！！！非遗还是要夸的，你加油好好干吧。,新年快乐 非遗还是要夸的 你加油好好干吧,新年快乐 非遗 加油 好好,1
青衣非衣,大家新年快乐！！！,大家新年快乐,大家 新年快乐,1
您好,新年快乐,新年快乐,新年快乐,1
路人甲🐟,头一次ip正确,头一次ip正确,一次 ip 正确,1
红腻而多香,洛阳！！！！！耶耶耶！！！！,洛阳 耶,洛阳,1
哼哼唧唧小菜狗的主人,我是大学生，给我1个祁煜的宫灯,我是大学生 给我个祁煜的宫灯,大学生 我个 祁煜 宫灯,0
忆梦,噢耶到我家了,噢耶到我家了,耶到 我家,1
沫,各位夫人们新年快乐,各位夫人们新年快乐,夫人 新年快乐,1
圣诞星,我要线下,我要线下,我要 线下,0
小红薯643B657B,彻彻新年快乐,彻彻新年快乐,彻彻 新年快乐,1
Ryan,Happy Chinese New Year ！！！春节快乐,happy chinese new year 春节快乐,happy chinese new year 春节快乐,1
阿妹,看到他平平安安就会幸福到落泪的那种。。,看到他平平安安就会幸福到落泪的那种,看到 平平安安 幸福 落泪 那种,1
入冬不穿大裤衩,多来点这种！！！！！喜欢！！！,多来点这种 喜欢,多来点 喜欢,1
さい,都去过你懂我的兴奋感嘛！！！,都去过你懂我的兴奋感嘛,去过 兴奋 感嘛,1
💗 小狸花💗,我的天啊！！好感動快哭了,我的天啊 好感動快哭了,好感 動快,1
魚饼.,除夕快乐哇阿空！！！,除夕快乐哇阿空,除夕 快乐 阿空,1
venvy,好浪漫的联动！,好浪漫的联动,浪漫 联动,1
鱼鱼又,链接呢,链接呢,链接,0
此乃知言大人,啊星星糖今天刚吃,啊星星糖今天刚吃,星星 今天,0
淇淇我推,哇！我的城市，这个联动,哇 我的城市 这个联动,城市 联动,1
顺遂,这个不错，这个不错，很喜欢那个做宫灯,这个不错 这个不错 很喜欢那个做宫灯,不错 不错 喜欢 宫灯,1
意扣r-one,IP正确,ip正确,ip 正确,1
贝贝,给秦彻补卡！！！,给秦彻补卡,秦彻 补卡,1
星星我是自愿的,巧了 恰巧要去洛阳,巧了 恰巧要去洛阳,恰巧 洛阳,0
一口吃不下野鸽,洛阳,洛阳,洛阳,0
busy.🍎,第一，联动的很好！第二，可不可以不用那么多私设,第一 联动的很好 第二 可不可以不用那么多私设,第一 联动 可不可以 不用 私设,0
sea-lavender,啊啊啊啊去过！,啊去过,去过,0
我的文全都大爆特爆,惟愿有情人永结同心，恩爱白首,惟愿有情人永结同心 恩爱白首,惟愿 有情人 永结同心 恩爱 白首,1
wendonii.,年年有余，年年有鱼❤️,年年有余 年年有鱼,年年有余,1
Wayne,洛阳人是真爽了,洛阳人是真爽了,洛阳人 真爽,1
眠月是个小仙女,霍！！！！这个联动棒！！！,霍 这个联动棒,联动,1
ssk_Yuki,走去洛阳玩,走去洛阳玩,洛阳,0
💚茉茉,蝴蝶纹和同心结哎,蝴蝶纹和同心结哎,蝴蝶 同心结,1
小小的糯米团,洛阳人爽了啊啊啊啊啊啊,洛阳人爽了啊,洛阳人,1
💚茉茉,好想去洛阳,好想去洛阳,洛阳,1
Nnighting,好有过年氛围捏……选的真有,好有过年氛围捏 选的真有,过年 氛围,1
momo,喜欢喜欢,喜欢喜欢,喜欢 喜欢,1
哥哥请吃饭了,IP正确,ip正确,ip 正确,1
紅蓮華,还好在河南，ip可以去,还好在河南 ip可以去,还好 河南 ip,0
momo,以后多和中国非物质文化遗产联动！！！！,以后多和中国非物质文化遗产联动,以后 中国 物质 文化遗产 联动,1
阿琳,洛阳人爽了啊啊啊啊啊啊啊啊啊啊啊,洛阳人爽了啊,洛阳人,1
老公会开战斗机,河南人爽了,河南人爽了,河南人,1
彼泽,特别喜欢这次联动！希望以后多出这种让人了解传统文化的联动,特别喜欢这次联动 希望以后多出这种让人了解传统文化的联动,特别 喜欢 这次 联动 希望 以后 多出 了解 传统 文化 联动,1
不笑饿饿鹅,好棒的联动，真的非常喜欢宫灯，好漂亮!期待情人节的非遗联动,好棒的联动 真的非常喜欢宫灯 好漂亮 期待情人节的非遗联动,联动 喜欢 宫灯 漂亮 期待 情人节 联动,1
兔兔爱鱼鱼,哇，可惜我不在洛阳,哇 可惜我不在洛阳,可惜 洛阳,0
Chanelsweetie,好美,好美,好美,1
泡椒海兔,就一个问题，剪影灯搁哪儿上架？,就一个问题 剪影灯搁哪儿上架,问题 剪影 灯搁 上架,0
子夏,这次联动真的特别好，请用心对待非遗。,这次联动真的特别好 请用心对待非遗,这次 联动 特别 用心 对待 非遗,1
蘑菇老师,你真是,你真是,真是,0
🥕（看过5525版）,俺不中勒！我不在洛阳,俺不中勒 我不在洛阳,中勒 洛阳,0
小鱼🐟,诶呀我就是洛阳的,诶呀我就是洛阳的,洛阳,0
泡泡小鱼,你又出故障了吗，我登陆不上啊啊啊啊啊,你又出故障了吗 我登陆不上啊,故障 登陆 不上,-1
䆨荢🌸,啊啊啊啊啊啊啊啊，我刚从洛阳出差回来,啊 我刚从洛阳出差回来,我刚 洛阳 出差 回来,0
快乐小🍐,我才离开洛阳啊,我才离开洛阳啊,离开 洛阳,0
莫得闲xfx,啊啊啊啊洛阳,啊洛阳,洛阳,0
锖清城孜,嘿嘿,嘿嘿,嘿嘿,0
Rainmist_Iris,好棒的联名！！😊,好棒的联名,联名,1
未觉池塘春草,可恶啊啊啊啊，就今年我不回家就搞这个,可恶啊 就今年我不回家就搞这个,可恶 今年 回家,-1
猫桉,宫灯在哪里啊我就在洛阳啊,宫灯在哪里啊我就在洛阳啊,宫灯 洛阳,0
aaa批发水果老板小秦,创意特别好 继续保持！,创意特别好 继续保持,创意 特别 继续 保持,1
N.,这个背景音乐是哪个啊？叫什么啊啊啊查了半天没查到,这个背景音乐是哪个啊 叫什么啊查了半天没查到,背景音乐 半天 没查,0
我一天三顿土豆丝,欢迎大家来洛阳玩！！！,欢迎大家来洛阳玩,欢迎 大家 洛阳,1
需要注销（手机号,最满意的一集,最满意的一集,满意 一集,1
lychee🍊,啊啊啊洛阳！,啊洛阳,洛阳,0
可可爱爱🍐,回来早了,回来早了,回来,0
寻风称意,和黎深哥哥一起过年~,和黎深哥哥一起过年,黎深 哥哥 一起 过年,1
NW💫,一个架空的游戏，却处处渗透传统文化，恋与深空,一个架空的游戏 却处处渗透传统文化 恋与深空,架空 游戏 处处 渗透 传统 文化 深空,1
Nehciur.,联名联到家门口了 你这次做的好,联名联到家门口了 你这次做的好,联名 联到 家门口 这次,1
醒醒,卧槽家门口，洛阳人先爽了,卧槽家门口 洛阳人先爽了,家门口 洛阳人 先爽,1
千姽婳,哈哈是洛阳,哈哈是洛阳,洛阳,0
竹海,啊啊啊啊啊啊真的，我每次问卷填写的都是和洛阳文旅联动,啊真的 我每次问卷填写的都是和洛阳文旅联动,每次 问卷 填写 洛阳 文旅 联动,1
救世小伙在哀丽秘榭。,谢谢，我家附近,谢谢 我家附近,谢谢 我家 附近,0
我每天都想睡觉,洛阳人爽了,洛阳人爽了,洛阳人,1
兔了,好棒,好棒,好棒,1
翌日彦彦,我滴妈,我滴妈,我滴,0
竹海,如何才能买到这个灯！,如何才能买到这个灯,才能,0
momo,和鱼鱼在一起,和鱼鱼在一起,一起,1
蓝.,太好了真打算去洛阳,太好了真打算去洛阳,太好了 打算 洛阳,1
Sherlock,小鱼来我家,小鱼来我家,小鱼 我家,1
锦鲤,gun,gun,gun,-1
momo.,太好了，是俺们洛阳，有救了,太好了 是俺们洛阳 有救了,太好了 洛阳 有救,1
起司理理我,我超是老家,我超是老家,我超 老家,1
小宇,在哪里几号,在哪里几号,几号,0
抱歉甜到你了,很好很好的科普视频,很好很好的科普视频,科普 视频,1
微头痛给柠檬,还没去过河南玩呢，这辈子一定要去一次洛阳！！,还没去过河南玩呢 这辈子一定要去一次洛阳,去过 河南 这辈子 一次 洛阳,1
桉沭(帕洛斯的狗),我觉得好像没有几个人做景泰蓝，联动也不可能会联动上景泰蓝,我觉得好像没有几个人做景泰蓝 联动也不可能会联动上景泰蓝,好像 没有 几个 景泰蓝 联动 可能 联动 景泰蓝,0
阮饭饭ww,好耶，是洛阳，我们有救啦,好耶 是洛阳 我们有救啦,洛阳 有救,1
momo,联动好,联动好,联动,1
初暖,和咱们彻子哥一起过年啦，以后每一年都要一起过,和咱们彻子哥一起过年啦 以后每一年都要一起过,彻子哥 一起 过年 以后 一年 一起,1
凛,好棒，问卷里刚好填了，这种非遗文化多多联动呀,好棒 问卷里刚好填了 这种非遗文化多多联动呀,好棒 问卷 刚好 非遗 文化 多多 联动,1
看海,洛阳！！！！,洛阳,洛阳,0
是个小羽啊,哇我们洛阳可是出息了,哇我们洛阳可是出息了,洛阳 出息,1
佳宁,本来还嫌麻烦，刷到这个，我可来劲了啊,本来还嫌麻烦 刷到这个 我可来劲了啊,本来 麻烦 刷到 来劲,1
momo(每天读一遍学习强国),啊啊啊啊啊啊啊是我们洛阳耶！！,啊是我们洛阳耶,洛阳,1
momo,哇哇哇，想跟星星一起去看宫灯,哇 想跟星星一起去看宫灯,星星 一起 宫灯,1
不愿意透露姓名的感叹号,好耶是洛阳,好耶是洛阳,洛阳,1
OxOuii,啊啊啊空子洛阳好～,啊空子洛阳好,空子 洛阳,1
半夜汽笛,卧槽好强啊,卧槽好强啊,好强,1
你懂个p,洛阳！！降临—！,洛阳 降临,洛阳 降临,0
xx7,多多联动,多多联动,多多 联动,1
momo,搞点活动吧,搞点活动吧,搞点 活动,0
白白白头翁,今年刚准备去洛阳玩，嘿嘿,今年刚准备去洛阳玩 嘿嘿,今年 准备 洛阳 嘿嘿,1
猫猫鱼不钓鱼,好漂亮,好漂亮,漂亮,1
用户已注销,应天门啊！,应天门啊,天门,0
四水,在洛阳整点活动吧,在洛阳整点活动吧,洛阳 整点 活动,0
momo,我刚好要去洛阳旅游，太巧了吧🙊🙉,我刚好要去洛阳旅游 太巧了吧,刚好 洛阳 旅游 太巧,1
Arrebol,连到我大河南了！,连到我大河南了,连到 河南,1
萨尔茨堡的盐树枝,联到洛阳啦！,联到洛阳啦,联到 洛阳,1
炸鱼号噼里啪啦_zz,去年怎么没有！！！,去年怎么没有,去年 没有,0
是六月一号啊,Welcome to河南洛阳,welcome to河南洛阳,welcome to 河南 洛阳,0
十连三金✨,继续跟中国传统文化联动！！！,继续跟中国传统文化联动,继续 中国 传统 文化 联动,1
AAA空调报修张师傅,又想去洛阳了,又想去洛阳了,洛阳,1
恋哥瘾发作狂吃虾薏粥,去年去的洛阳！看来又要去一趟了！,去年去的洛阳 看来又要去一趟了,去年 洛阳 看来 去一趟,1
momo,男人们跟着咱的脚步走,男人们跟着咱的脚步走,男人 跟着 脚步,1
灰灰,你说哪里，终于轮到我们河南了，到我们洛阳了,你说哪里 终于轮到我们河南了 到我们洛阳了,终于 河南 洛阳,1
药丸本丸,既然都联名了，能不能在洛阳搞点活动啊刚好过年还有庙会🥹,既然都联名了 能不能在洛阳搞点活动啊刚好过年还有庙会,联名 洛阳 搞点 活动 刚好 过年 庙会,0
🌸,涨知识啦,涨知识啦,知识,1
清蒸黄花鱼（汤水版）,空子！活了！,空子 活了,空子,0
😋（你不要再买了啦！）,我勒个正好在洛阳！,我勒个正好在洛阳,我勒个 正好 洛阳,0
栖宁,很有意义的联动,很有意义的联动,意义 联动,1
Yhefug（当牛🐴中）,这个我太熟了,这个我太熟了,我太熟,0
风驰电掣橘师傅,哎呦花灯好看,哎呦花灯好看,花灯 好看,1
z_zhu,oi！本河南人好开心啊啊啊啊啊啊,oi 本河南人好开心啊,oi 河南人 好开心,1
芋头,wow,wow,wow,1
雪梨森森🍐,本河南人好开心,本河南人好开心,河南人 好开心,1
攸攸,哇河南人抬起头了,哇河南人抬起头了,河南人 抬起,1
感冒就吃阿莫西林.,特别好的联动，我就是洛阳的啊啊啊啊啊啊,特别好的联动 我就是洛阳的啊,特别 联动 洛阳,1
米七米七,终于来洛阳啦,终于来洛阳啦,终于 洛阳,1
批发鱼市场,当他一说河南时，我不能了，我这边就可以看到,当他一说河南时 我不能了 我这边就可以看到,河南 看到,0
铃铛懒懒落落,空子的非遗联名活动真的很有意义！,空子的非遗联名活动真的很有意义,空子 联名 活动 意义,1
猫和鱼zh,终于来我们洛阳了,终于来我们洛阳了,终于 洛阳,1
MOMO⭐,好棒,好棒,好棒,1
人菜瘾大艺术家,非遗联动 赞赞赞 ！！ 阿空千万不要搞问卷里的真人主播联动好吗,非遗联动 赞 阿空千万不要搞问卷里的真人主播联动好吗,非遗 联动 阿空 千万 问卷 真人 主播 联动,1
💫XX_ViVi💜（减氪考研版）,空子加油，新的一年继续多多推广我们的非遗,空子加油 新的一年继续多多推广我们的非遗,空子 加油 一年 继续 多多 推广,1
林逸瑯,那个灯笼有地方可以买到吗,那个灯笼有地方可以买到吗,灯笼 地方 买到,1
王竹余,就这么宣传我们洛阳哈,就这么宣传我们洛阳哈,宣传 洛阳,1
Xu_落晨璇_沐萱,喜欢，,喜欢,喜欢,1
世界级拖延艺术家,洛阳！,洛阳,洛阳,0
lock,空子好棒 每次都能宣传到中国的优秀文化！,空子好棒 每次都能宣传到中国的优秀文化,空子 好棒 每次 宣传 中国 优秀 文化,1
等我一下,来洛阳了,来洛阳了,洛阳,0
今天有大暴雨,欢迎大家来洛阳玩,欢迎大家来洛阳玩,欢迎 大家 洛阳,1
今天有大暴雨,啊啊啊啊啊应天门是洛阳！！希望阿空可以在洛阳办活动,啊应天门是洛阳 希望阿空可以在洛阳办活动,天门 洛阳 希望 阿空 洛阳 活动,1
大稚子啥都想吃,空子又来宣传传统文化啦？赏！,空子又来宣传传统文化啦 赏,空子 宣传 传统 文化,-1
osakyo_,卧槽妈呀啊啊啊啊啊啊啊啊啊,卧槽妈呀啊,妈呀,0
祁煜骑鱼吃小鱼,愿年年有煜，携手共进,愿年年有煜 携手共进,愿年 携手 共进,1
越清秋,很喜欢深空的几个非遗联动，感觉非常有意义，继续保持,很喜欢深空的几个非遗联动 感觉非常有意义 继续保持,喜欢 深空 几个 非遗 联动 意义 继续 保持,1
默默鱼,好美,好美,好美,1
转转烤冷面,非遗好耶,非遗好耶,遗好,1
橘柚方糖,我们大洛阳！好耶,我们大洛阳 好耶,洛阳,1
Etheamorfati,很好看，什么时候补卡呢,很好看 什么时候补卡呢,好看 补卡,1
泠-,泥？怎么不早宣！,泥 怎么不早宣,不早,0
恶毒继母,真好哇真好哇,真好哇真好哇,好哇 好哇,1
无敌茉莉大王,黎深,黎深,黎深,0
你瞅啥,好想去洛阳看灯，还有小红书上控什么评啊，要控评去微博不就好了吗？也给我们留点呼吸的空间吧,好想去洛阳看灯 还有小红书上控什么评啊 要控评去微博不就好了吗 也给我们留点呼吸的空间吧,洛阳 看灯 小红 书上 控评 微博 好了吗 留点 呼吸 空间,-1
茵茵,喜欢,喜欢,喜欢,1
™䎅枯,洛阳也是好上了,洛阳也是好上了,洛阳,1
哈基咪绿豆,啊啊啊啊啊啊是非遗！！！好棒！！！,啊是非遗 好棒,是非 好棒,1
孟,许愿明年自贡灯会能见到他们,许愿明年自贡灯会能见到他们,许愿 明年 自贡 灯会 见到,1
麻辣香锅不要锅,非遗联动特别特别好！！！夸夸,非遗联动特别特别好 夸夸,非遗 联动 特别 特别 夸夸,1
飘雪山0915,好看(*´ω｀*),好看 ω,好看,1
momo,好好好来我家了,好来我家了,好来 我家,1
乙了全世界又如何,终于到我们河南了,终于到我们河南了,终于 河南,1
停车买蟹排,联动到家门口了,联动到家门口了,联动 家门口,1
华生（见过谷江山版）,哪？！家门口？！,哪 家门口,家门口,0
一个小橙,洛阳…出发…,洛阳 出发,洛阳 出发,0
今天吃鱼啵啵,马上就要去洛阳玩儿了 好美哎,马上就要去洛阳玩儿了 好美哎,马上 就要 洛阳 玩儿 好美,1
桶装绿茶,和小鱼一起去洛阳🐟🐟🥹🥹🥹,和小鱼一起去洛阳,小鱼 一起 洛阳,1
菇菇,你们把钱多花在这种地方这不挺好，少请点莫名其妙的水军和拉踩通稿吧,你们把钱多花在这种地方这不挺好 少请点莫名其妙的水军和拉踩通稿吧,多花 地方 少请点 莫名其妙 水军 通稿,-1
看月亮的夜猫,哇哦我家乡哎，好自豪,哇哦我家乡哎 好自豪,家乡 自豪,1
麻雀酱QAQ,洛阳上大分,洛阳上大分,洛阳 上大分,1
远路,好喜欢非遗联动～,好喜欢非遗联动,喜欢 非遗 联动,1
阳光小汽水,喜欢喜欢,喜欢喜欢,喜欢 喜欢,1
苏鱼饼（厌学版）,和哥哥一起过年！！,和哥哥一起过年,哥哥 一起 过年,1
爱吃烤肉🥩,传播中国传统文化,传播中国传统文化,传播 中国 传统 文化,1
猫宁,我希望你等我开学了再搞线下活动！！！！！！！,我希望你等我开学了再搞线下活动,希望 开学 线下 活动,0
双矣白竹,哇塞好好看啊,哇塞好好看啊,哇塞 好好看,1
里烟,好好好特别好,好特别好,特别,1
小歪（拼豆版）,好干净的评论区啊,好干净的评论区啊,干净 评论,0
就你睡不醒,都来洛阳了不办个活动嘛,都来洛阳了不办个活动嘛,洛阳 办个 活动,0
4pple:ss,好好看呀,好好看呀,好好看,1
穹,传播中华文化，深空棒棒的！,传播中华文化 深空棒棒的,传播 中华文化 深空 棒棒,1
Deutzia,很用心 很有意义的活动,很用心 很有意义的活动,用心 意义 活动,1
zzzkkkkkk33,太好了我明天去洛阳,太好了我明天去洛阳,太好了 明天 洛阳,1
二号,我们大洛阳,我们大洛阳,洛阳,0
曜月,好棒好棒好幸福\(//∇//)\ヾ ^_^♪,好棒好棒好幸福 ヾ _,幸福,1
耀咪在哪里,哇哇哇空子终于来河南力,哇空子终于来河南力,空子 终于 河南,1
Cisyam,好看！,好看,好看,1
不要小瞧了兔子,阿空这下我真要好好夸你了,阿空这下我真要好好夸你了,阿空 这下 真要 好好,1
皮特托先生,洛阳人狂喜,洛阳人狂喜,洛阳人 狂喜,1
手可摘星辰,一个夏天去过洛阳的小女孩已经轻轻碎了,一个夏天去过洛阳的小女孩已经轻轻碎了,夏天 去过 洛阳 小女孩 轻轻,-1
糖炒栗栗子,洛阳人狂喜,洛阳人狂喜,洛阳人 狂喜,1
momo,所有人，拿出智能手机打开12306，出发去洛阳看灯,所有人 拿出智能手机打开 出发去洛阳看灯,所有人 拿出 智能手机 打开 出发 洛阳 看灯,1
追逐云中的那条龙,啊啊啊啊啊啊啊是我们洛阳！！！,啊是我们洛阳,洛阳,1
鲸天下云,和小回一起逛灯会啦！,和小回一起逛灯会啦,小回 一起 逛灯,1
雪无痕,支持非遗联动,支持非遗联动,支持 非遗 联动,1
landscape,好棒,好棒,好棒,1
77,应天门！天堂明堂！洛博！欢迎来洛阳玩！,应天门 天堂明堂 洛博 欢迎来洛阳玩,天门 天堂 明堂 洛博 欢迎 洛阳,1
言词,支持这样的联动,支持这样的联动,支持 联动,1
鲸天下云,非遗联动很棒诶,非遗联动很棒诶,非遗 联动 很棒,1
星星在家,好有意义的联动，这种活动摩多摩多，非遗的老师们也辛苦啦,好有意义的联动 这种活动摩多摩多 非遗的老师们也辛苦啦,意义 联动 活动 多摩 非遗 老师 辛苦,1
一条努力上岸的小🐟,希望多多跟非遗联动，这样不仅可以宣传当地旅游，而且还能让不了解的人通过这种方式有初步了解，这个真的要夸夸！深空非遗这方面做的真的很好，不管是之前的敦煌联动，还是绣球，还是这次的灯笼，都做的很好！！！,希望多多跟非遗联动 这样不仅可以宣传当地旅游 而且还能让不了解的人通过这种方式有初步了解 这个真的要夸夸 深空非遗这方面做的真的很好 不管是之前的敦煌联动 还是绣球 还是这次的灯笼 都做的很好,希望 多多 联动 宣传 当地 旅游 了解 方式 初步 了解 夸夸 深空 非遗 这方面 之前 敦煌 联动 绣球 这次 灯笼,1
NGC2237_,寓意好棒！,寓意好棒,寓意 好棒,1
槐序蝉鸣入深巷🍂,深空的非遗联动希望可以继续保持下去,深空的非遗联动希望可以继续保持下去,深空 联动 希望 继续 保持 下去,1
茄烧鱼子,正好年后打算去洛阳玩呢,正好年后打算去洛阳玩呢,正好 打算 洛阳,1
湫湫,我家就在洛阳,我家就在洛阳,我家 洛阳,0
红细胞,可不可以活动结束之后把做的灯笼当做装饰摆在牵绊界面呀,可不可以活动结束之后把做的灯笼当做装饰摆在牵绊界面呀,可不可以 活动 结束 之后 灯笼 当做 装饰 摆在 牵绊 界面,1
好吃爱吃我要多吃,超级好看啊啊啊啊啊啊，阿空棒棒的,超级好看啊 阿空棒棒的,超级 好看 阿空 棒棒,1
limonium,这样的联名才有意义,这样的联名才有意义,联名 意义,1
捡垃圾为生,去不去,去不去,去不去,0
小雨天气,哇！想起了辛弃疾的青玉案。东方夜放花千树，更吹落，星如雨。宝马雕车香满路。凤箫声动，玉壶光转，一夜鱼龙舞。蛾儿雪柳黄金缕，笑语盈盈暗香去。众里寻他千百度。蓦然回首，那人却在，灯火阑珊处！,哇 想起了辛弃疾的青玉案 东方夜放花千树 更吹落 星如雨 宝马雕车香满路 凤箫声动 玉壶光转 一夜鱼龙舞 蛾儿雪柳黄金缕 笑语盈盈暗香去 众里寻他千百度 蓦然回首 那人却在 灯火阑珊处,想起 辛弃疾 青玉案 东方 夜放花 千树 更吹落 星如雨 宝马 雕车 香满路 箫声 玉壶 光转 一夜 龙舞 蛾儿 雪柳 黄金 笑语 盈盈 暗香 众里 千百度 蓦然回首 那人 灯火阑珊,1
北冥,加油啊空空,加油啊空空,加油 空空,1
北冥,厉害,厉害,厉害,1
好想吃软饭,这样的联动多来点！,这样的联动多来点,联动 多来点,1
你那杯648,wk我前几天才去了洛阳,wk我前几天才去了洛阳,wk 我前 几天 洛阳,0
扶光,过年的氛围拿捏了,过年的氛围拿捏了,过年 氛围 拿捏,1
犯困嫌疑人,啊啊啊啊啊啊居然和我的家乡联动啦，阿空好样的,啊居然和我的家乡联动啦 阿空好样的,居然 家乡 联动 阿空 好样,1
momo,和黎深一起过年,和黎深一起过年,黎深 一起 过年,1
虎皮仓鼠。,好美,好美,好美,1
求你收我物吧,真的很好看！！,真的很好看,好看,1
小曲亦未寝,好有意义！,好有意义,意义,1
Sylvia,好漂亮啊,好漂亮啊,漂亮,1
71%,多出国风联名！,多出国风联名,出国 联名,1
蛙几豆,好漂亮...😮,好漂亮,漂亮,1
momo,好耶是家门口,好耶是家门口,家门口,1
AAA鹈鹕镇杨梅酒批发,妈呀竟然有我们河南的事了,妈呀竟然有我们河南的事了,妈呀 河南,1
山的北北子,好好看,好好看,好好看,1
海底有芥末饭团吃吗,欢迎猎人小姐们来洛阳玩啊,欢迎猎人小姐们来洛阳玩啊,欢迎 猎人 小姐 洛阳,1
追风筝,这个好好看,这个好好看,好好看,1
Sweetvanilla,好喜欢，宫灯真的好美女想去洛阳了,好喜欢 宫灯真的好美女想去洛阳了,喜欢 宫灯 美女 洛阳,1
云间,哇吼吼,哇吼吼,吼吼,1
小爬,星星与小兔子糖,星星与小兔子糖,星星 小兔子,0
小生,洛阳啊,洛阳啊,洛阳,0
小妍小妍,线下有活动吗,线下有活动吗,线下 活动,0
单细胞死宅⭐（被限流版）,一周年快乐！叠纸你总体我还是很满意的，新的一年好好干，我们会支持你的,一周年快乐 叠纸你总体我还是很满意的 新的一年好好干 我们会支持你的,一周年 快乐 叠纸 总体 满意 一年 好好 支持,1
丕咪,这个联名挺好的，年年有鱼，人生奇遇,这个联名挺好的 年年有鱼 人生奇遇,联名 人生 奇遇,1
小余,宣传非遗！！！啊啊啊棒！,宣传非遗 啊棒,宣传 非遗,1
宇宙星河,又幸福了！收到深空的祝福啦🥰和星星一起过的第一个年,又幸福了 收到深空的祝福啦 和星星一起过的第一个年,幸福 收到 深空 祝福 星星 一起 第一个,1
momo,好好好，太好看了,好 太好看了,好看,1
临空二旬老人,哇啊啊啊ip错误 好想去,哇啊ip错误 好想去,ip 错误,1
小红薯688D4FF6,秦彻！！我要！！！,秦彻 我要,秦彻 我要,1
抱歉我又在想黎深了,和小黎哥哥一起,和小黎哥哥一起,小黎 哥哥 一起,1
奇遇祁煜吃小鱼,哇哇哇哇哇哇祁煜,哇祁煜,哇祁煜,1
美少女白展堂,这次离得好近有没有线下活动,这次离得好近有没有线下活动,这次 离得 有没有 线下 活动,1
在每一个季节见面,哥哥哥哥哥哥新年快乐！天天开心！,哥新年快乐 天天开心,新年快乐 天天开心,1
临空二旬老人,好漂亮呜呜呜,好漂亮呜,漂亮,1
火吉面嚎哧,喜欢和非遗的联动！！空子多多联名非遗！！,喜欢和非遗的联动 空子多多联名非遗,喜欢 联动 空子 多多 联名 非遗,1
乌鲁鲁星💫,和星星宝贝一起过年,和星星宝贝一起过年,星星 宝贝 一起 过年,1
momo,妈呀，我都想去洛阳了,妈呀 我都想去洛阳了,妈呀 洛阳,1
兮辰.,哥哥！！！,哥哥,哥哥,0
Moonlight,空子太棒啦！可以让外服玩家也了解中国的非物质文化遗产！！,空子太棒啦 可以让外服玩家也了解中国的非物质文化遗产,空子 太棒 外服 玩家 了解 中国 物质 文化遗产,1
Rafely,终于和河南沾边了,终于和河南沾边了,终于 河南 沾边,0
。,我打死帽子拿材料有点打不赢这是可以说的吗？,我打死帽子拿材料有点打不赢这是可以说的吗,打死 帽子 材料,-1
银时女友(乙游版),小鱼新卡剧情特别好，心软软的,小鱼新卡剧情特别好 心软软的,小鱼 新卡 剧情 特别 软软,1
星星降临我心,和星星一起做宫灯,和星星一起做宫灯,星星 一起 宫灯,1
雨天（爱🚗）,阿空这次的背景音叫什么,阿空这次的背景音叫什么,阿空 这次 背景 音叫,0
大雨,妈呀评论区终于,妈呀评论区终于,妈呀 评论 终于,0
あ初柒,连到家门口了，真好,连到家门口了 真好,家门口,1
摘星簿,喜欢非遗！,喜欢非遗,喜欢 非遗,1
-不知冬-,黎深啊啊啊啊啊！！！！,黎深啊,黎深,0
雾眠气泡水（见过博肖版）,超级棒喜欢非遗,超级棒喜欢非遗,超级 喜欢 非遗,1
蔗里糖七颗,这是在哪拍的鸭子好局促哈哈哈哈哈哈哈,这是在哪拍的鸭子好局促哈,鸭子 局促,0
吃口酥🍐,我的妈联到洛阳了啊啊啊啊,我的妈联到洛阳了啊,联到 洛阳,1
空舟（直播暖暖）,哇哦，到家门口了,哇哦 到家门口了,家门口,1
蔗里糖七颗,这次真的是到我家门口了（好熟悉,这次真的是到我家门口了 好熟悉,这次 家门口 熟悉,1
就星,联到家门口了,联到家门口了,联到 家门口,1
兔斯基,好耶是洛阳,好耶是洛阳,洛阳,1
大爱无疆,和秦彻 黎深 夏以昼 祁煜 沈星回 一起过大年咯,和秦彻 黎深 夏以昼 祁煜 沈星回 一起过大年咯,秦彻 黎深 夏以昼 祁煜 沈星回 一起 过大年,1
momo,好耶，是洛阳,好耶 是洛阳,洛阳,1
QQ今天绝对瘦！！,呜呜呜呜夸夸,呜夸夸,夸夸,1
冲浪徒手捞龙虾大王,太好啦,太好啦,太好,1
柠檬崽汁,好幸福,好幸福,幸福,1
小红薯_9573,和小🍐一起做宫灯～期待,和小 一起做宫灯 期待,一起 宫灯 期待,1
Klein粥（终末满阶版）,聆听彼此的心跳,聆听彼此的心跳,聆听 心跳,0
蔗里糖七颗,欢迎大家来洛阳！！！,欢迎大家来洛阳,欢迎 大家 洛阳,1
么黎,和黎深哥哥一起过新年💗,和黎深哥哥一起过新年,黎深 哥哥 一起 新年,1
爱玩的mo,新年快乐！,新年快乐,新年快乐,1
Mickeyyyyy,做得好好!夸夸!大家新年快乐!,做得好好 夸夸 大家新年快乐,好好 夸夸 大家 新年快乐,1
记忆,太棒啦！,太棒啦,太棒,1
小盐粒,和黎e生一起过年做宫灯！,和黎e生一起过年做宫灯,一起 过年 宫灯,1
Heaven-star,大河南！！,大河南,河南,0
星星向下坠,洛阳人狂喜,洛阳人狂喜,洛阳人 狂喜,1
Blue,小黎和小茉莉一起,小黎和小茉莉一起,小黎 茉莉 一起,0
不融懿（燥候芙蓉初见日版）,年年有鱼，小锦鲤,年年有鱼 小锦鲤,锦鲤,1
cookie,哇哇哇！！是宫灯！！新年快乐~送我,哇 是宫灯 新年快乐 送我,宫灯 新年快乐,1
糖霜小人,今天不骂你了,今天不骂你了,今天,-1
啃面包,过年啦哈哈哈年味来了,过年啦哈年味来了,过年 哈年 味来,1
我与太阳肩并肩二代,太美了太美了，喜欢宫灯,太美了太美了 喜欢宫灯,太美 太美 喜欢 宫灯,1
小鱼布丁🍮,和小鱼一起 年年有鱼,和小鱼一起 年年有鱼,小鱼 一起,1
笙歌大王.,看看过完年能不能去洛阳溜溜,看看过完年能不能去洛阳溜溜,看看 完年 洛阳 溜溜,0
山晚望晴空,本洛阳人简直不要太开心,本洛阳人简直不要太开心,洛阳人 简直 开心,1
Polarlicht,阿空我真的要夸你了,阿空我真的要夸你了,阿空,1
箬曦.,华灯煜彩照流年，两心相印喜相连,华灯煜彩照流年 两心相印喜相连,华灯 彩照 两心 相印喜 相连,1
Estrella✨,小兔子星星,小兔子星星,小兔子 星星,0
家星布芒,学到了，已经跟姐妹们念叨好久去洛阳拍汉服大片，可惜总因为彼此太忙，没去成,学到了 已经跟姐妹们念叨好久去洛阳拍汉服大片 可惜总因为彼此太忙 没去成,学到 姐妹 念叨 好久 洛阳 汉服 大片 可惜 太忙 没去,1
ㅤㅤ,空子你小汁真的很会联动哎,空子你小汁真的很会联动哎,空子 小汁 很会 联动,1
lin,哇今年刚去过,哇今年刚去过,今年 去过,1
朝俞,做的好呀空子，用心了,做的好呀空子 用心了,空子 用心,1
赤道无风带,欢迎来河南洛阳玩～～,欢迎来河南洛阳玩,欢迎 河南 洛阳,1
梦循环,是河南洛阳,是河南洛阳,河南 洛阳,0
有煤油猫饼🍪,年年有鱼，岁岁平安,年年有鱼 岁岁平安,平安,1
晴远💫,和沈星回一起幸福过年！,和沈星回一起幸福过年,沈星回 一起 幸福 过年,1
小回你乘乘的,学到了学到了,学到了学到了,学到 学到,0
七月芋泥,我嘞个洛阳联动,我嘞个洛阳联动,洛阳 联动,0
一地阳光,喜欢，棒棒哒,喜欢 棒棒哒,喜欢 棒棒,1
momo,喜欢,喜欢,喜欢,1
奶油小星烩意面,好看好喜庆 棒棒嘟,好看好喜庆 棒棒嘟,好看 喜庆 棒棒,1
momo,是河南诶,是河南诶,河南,0
爱吃_咸蛋黄,终于有一个我带着小宝去过的地方了,终于有一个我带着小宝去过的地方了,终于 小宝 去过 地方,1
白糖二两,这个好好看,这个好好看,好好看,1
momo,河南！,河南,河南,0
阿giao果奶.,和黎深一起,和黎深一起,黎深 一起,1
Dili,小鱼宝宝,小鱼宝宝,小鱼 宝宝,0
小黄人咕噜,灯笼怎么买,灯笼怎么买,灯笼,0
南柯故人i,是洛阳！,是洛阳,洛阳,0
牛腩饭上新中,做花灯好玩,做花灯好玩,花灯 好玩,1
🐸,什么时候来西安,什么时候来西安,西安,0
扭曲超维小熊,能不能和洛阳文旅联动一下啊,能不能和洛阳文旅联动一下啊,洛阳 文旅 联动,0
ᅠᅠᅠ,又出了一些只能放在叠纸公司的周边🥹,又出了一些只能放在叠纸公司的周边,只能 放在 叠纸 公司 周边,-1
小红薯6379FDCA,和小黎一起,和小黎一起,小黎 一起,1
momo,好有心,好有心,有心,1
酒酿桂花圆,啊啊啊啊啊洛阳人好感动,啊洛阳人好感动,洛阳人 感动,1
酒酿桂花圆,啊啊啊啊啊洛阳人好自豪,啊洛阳人好自豪,洛阳人 自豪,1
AAA金丝楠木骨灰盒批发厂家,和小黎哥哥一起制作漂亮宫灯,和小黎哥哥一起制作漂亮宫灯,小黎 哥哥 一起 制作 漂亮 宫灯,1
丈育歹毒学习中,我靠河南洛阳,我靠河南洛阳,河南 洛阳,0
渝渝（燥候🐟生日版）,年年有鱼，和祁煜一起过春节,年年有鱼 和祁煜一起过春节,祁煜 一起 春节,1
拔光香菜第一名,小鱼真的好温柔啊啊啊啊啊剪影好优雅,小鱼真的好温柔啊剪影好优雅,小鱼 温柔 剪影 优雅,1
kaka,好棒每次非遗都特别喜欢！,好棒每次非遗都特别喜欢,好棒 每次 非遗 特别 喜欢,1
荣荣不想改名,联动很好！！！！！！,联动很好,联动,1
关于你的十三天,好美,好美,好美,1
宅点小楠,太好了是我老家河南,太好了是我老家河南,太好了 老家 河南,1
猫猫咪咪的虾条,空子做得好,空子做得好,空子 做得好,1
Tusk2,ip正确,ip正确,ip 正确,1
..bobobii✨,宫灯好美,宫灯好美,宫灯 好美,1
不要睡了,岁岁年年,岁岁年年,岁岁年年,0
momo,给你地址送我一个（bushi,给你地址送我一个 bushi,地址 bushi,0
momo,开头的CV好像是彻子的配音,开头的cv好像是彻子的配音,开头 cv 好像 彻子 配音,0
momo,好耶是联动！！爱了爱了（别把我打成水军）,好耶是联动 爱了爱了 别把我打成水军,联动 打成 水军,1
夏夏夏夏夏天(早睡失败版),好耶！！是洛阳！！！,好耶 是洛阳,洛阳,1
鳄鱼的暖手宝,哇塞美！,哇塞美,哇塞,1
Bol,这个灯笼实体的在哪买,这个灯笼实体的在哪买,灯笼 实体,0
繁盛的夏季,夸夸,夸夸,夸夸,1
红茶,是洛阳,是洛阳,洛阳,0
莫莫咖啡豆角焖面,厉害了阿空,厉害了阿空,厉害 阿空,1
再吃一口苹果,好耶是洛阳！,好耶是洛阳,洛阳,1
吱吱哈哈,文化传承创新！新春快乐！,文化传承创新 新春快乐,文化 传承 创新 新春快乐,1
繁盛的夏季,好棒,好棒,好棒,1
祁鱼骑鱼吃小鱼,太美了，好棒的联名！,太美了 好棒的联名,太美 联名,1
大炮,好耶，准备过年准备过年喽～,好耶 准备过年准备过年喽,准备 过年 准备 过年,1
十块,这集我是真喜欢，空子联非遗一直在线，要继续好下去呀！,这集我是真喜欢 空子联非遗一直在线 要继续好下去呀,这集 喜欢 空子 联非 在线 继续 下去,1
tun,好漂亮,好漂亮,漂亮,1
机智大蛋糕,这个评论区看的人心里暖暖的！,这个评论区看的人心里暖暖的,评论 心里 暖暖的,1
幸运小吨,好耶是非遗！！！,好耶是非遗,是非,1
以我寄深雪（rua黑白黎猫猫版）,夸夸你，声声惜真的太幸福了,夸夸你 声声惜真的太幸福了,夸夸 声声 幸福,1
momo,深空最棒的环节之一来啦,深空最棒的环节之一来啦,深空 最棒 环节,1
钰（停氪停谷）,喜欢非遗文化联名,喜欢非遗文化联名,喜欢 非遗 文化 联名,1
bulubulu,华灯煜彩照流年，两心相印喜相连。还挺会写的你,华灯煜彩照流年 两心相印喜相连 还挺会写的你,华灯 彩照 两心 相印喜 相连 挺会,1
九月雪,好耶，和黎深一起💙,好耶 和黎深一起,黎深 一起,1
板板栗,来我们河南了,来我们河南了,河南,0
艾利不爱梨🍐,真的很好真的很好！将传统工艺带入大众视野，游戏娱乐同时还传扬了中华传统文化，叠纸活该你赚钱！,真的很好真的很好 将传统工艺带入大众视野 游戏娱乐同时还传扬了中华传统文化 叠纸活该你赚钱,传统工艺 带入 大众 视野 游戏 娱乐 传扬 中华 传统 文化 叠纸 活该 赚钱,1
就爱吃鸡爪（已有闺,耶咦！终于轮到和洛阳联动了！,耶咦 终于轮到和洛阳联动了,终于 轮到 洛阳 联动,1
窝不止倒哇,老登让我和黎深过个幸福的年好吗好的,老登让我和黎深过个幸福的年好吗好的,老登 黎深 过个 幸福,1
折子戏,好棒的联名！就喜欢看深空和非遗联名～,好棒的联名 就喜欢看深空和非遗联名,联名 喜欢 深空 联名,1
nono,真的很适配大艺术家啊,真的很适配大艺术家啊,适配 艺术家,1
小南💫,我们洛阳的！联名也来洛阳嘛,我们洛阳的 联名也来洛阳嘛,洛阳 联名 洛阳,1
把我看爽了,好看好看,好看好看,好看 好看,1
早日暴富💴,ip正确,ip正确,ip 正确,1
辣么帅M,新年快乐！！！,新年快乐,新年快乐,1
恒烬..,离得近又不太近,离得近又不太近,离得 不太近,0
小黄人咕噜,跑到家门口了,跑到家门口了,家门口,0
天杀龙神拳拳王,什么时候跟我们自贡灯会联名啊,什么时候跟我们自贡灯会联名啊,自贡 灯会 联名,0
零随™,幸福,幸福,幸福,1
嘻嘻鬼,和大家一起,和大家一起,大家 一起,0
筠蝉（被小尤翻牌并饭撒版）,夏以昼～,夏以昼,夏以昼,0
d&,新年都要幸幸福福，,新年都要幸幸福福,新年 要幸 幸福,1
炽月眠,新年快乐！,新年快乐,新年快乐,1
多吃核桃,是我们大河南！！！！,是我们大河南,河南,1
不要睡了,真好啊,真好啊,真好,1
卜噜咪,一开始解说的声音好好听！好熟悉,一开始解说的声音好好听 好熟悉,解说 声音 好好 熟悉,1
循环反方向,看到应天门了,看到应天门了,看到 天门,0
爱吃星巴克😋,很好的联动！喜欢,很好的联动 喜欢,联动 喜欢,1
iluv🍐,和非遗联动棒棒的,和非遗联动棒棒的,联动 棒棒,1
墨雨xc,太牛了！,太牛了,太牛,1
💫皇家小狗,小年快乐呀！,小年快乐呀,小年 快乐,1
小熊猫激推,妈呀  家门口,妈呀 家门口,妈呀 家门口,0
与熙,好漂亮呀,好漂亮呀,漂亮,1
momo,哇塞好棒的联名！！,哇塞好棒的联名,哇塞 联名,1
56_,小黎哥哥！！,小黎哥哥,小黎 哥哥,0
霜木LIN,IP正确！！！！！！,ip正确,ip 正确,1
MOMO,很棒的联动,很棒的联动,很棒 联动,1
夏天的泡沫,好美,好美,好美,1
南淇月,妈耶，开头看一半没看出来是你发的联动,妈耶 开头看一半没看出来是你发的联动,妈耶 开头 一半 出来 联动,0
HP,期待,期待,期待,1
柠萌（见过花叶版）,哇塞，我去过,哇塞 我去过,哇塞 去过,1
落枳,很好看耶，喜欢,很好看耶 喜欢,好看 喜欢,1
mokkkko,这这这不得去一趟,这不得去一趟,不得 去一趟,1
小红薯654BA837,我去那么好看，洛阳几月会有那么多灯,我去那么好看 洛阳几月会有那么多灯,好看 洛阳 几月 多灯,1
ieee,好棒的联动，期待,好棒的联动 期待,联动 期待,1
烟杏,好棒！,好棒,好棒,1
吗喽汁汁汁,沈小公子一起做花灯,沈小公子一起做花灯,小公子 一起 花灯,1
早睡别熬夜,好好好，喜欢,好 喜欢,喜欢,1
云色渺,新年快乐,新年快乐,新年快乐,1
荔小枝丸了,夸夸阿空！,夸夸阿空,夸夸 阿空,1
猫的狗（偶遇文俊辉版,IP正确,ip正确,ip 正确,1
李晨辰,老姚烧烤出息了,老姚烧烤出息了,老姚 烧烤 出息,1
ᅠᅠ,什么时候偷偷摸摸来洛阳的,什么时候偷偷摸摸来洛阳的,偷偷摸摸 洛阳,0
好运来祝我好运来,传统文化联动！！阿空干得好,传统文化联动 阿空干得好,传统 文化 联动 阿空 干得,1
是香芋呀（抗r版）,新年快乐！,新年快乐,新年快乐,1
球球,和小鱼一起做宫灯，过新年,和小鱼一起做宫灯 过新年,小鱼 一起 宫灯 新年,1
Calypso,欧耶！ip终于正确！,欧耶 ip终于正确,欧耶 ip 终于 正确,1
宝宝佳-,猎人小姐好幸福,猎人小姐好幸福,猎人 小姐 幸福,1
狸安安,秦彻秦彻,秦彻秦彻,秦彻 秦彻,0
乌鲁鲁星兔,我嘞个沈小公子,我嘞个沈小公子,小公子,0
7不7蛋挞🍟⭐,好棒,好棒,好棒,1
芋芋醒醒,和非遗联动都好棒！,和非遗联动都好棒,联动,1
波比波比玻,ip正确但时间错误，我已经从洛阳回来了,ip正确但时间错误 我已经从洛阳回来了,ip 正确 时间 错误 洛阳 回来,0
sakurals,非常好的联动,非常好的联动,联动,1
想吃千层,宫灯诶！！😍😍😍好看！！好华美！！新年快乐呀猎人小姐们～新年快乐呀空空～,宫灯诶 好看 好华美 新年快乐呀猎人小姐们 新年快乐呀空空,宫灯 好看 华美 新年快乐 猎人 小姐 新年快乐 空空,1
和小鱼过冬日常,太棒了,太棒了,太棒了,1
春天的气息（冲浪版）,太棒了,太棒了,太棒了,1
我无话可说,洛阳人狂喜,洛阳人狂喜,洛阳人 狂喜,1
可睡不醒_(study版),ip正确,ip正确,ip 正确,1
落枝倦.,我天呐，竟然跟洛阳联名我的妈呀,我天呐 竟然跟洛阳联名我的妈呀,我天 洛阳 联名 妈呀,1
Zaddy,新年快乐！！！！,新年快乐,新年快乐,1
LIN呦,wok，叠的每次非遗联名我都很喜欢,wok 叠的每次非遗联名我都很喜欢,wok 每次 非遗 联名 喜欢,1
硬硬子,好耶是河南！,好耶是河南,河南,1
小犇,真的很喜欢这种联动，可以学到很多知识,真的很喜欢这种联动 可以学到很多知识,喜欢 联动 学到 很多 知识,1
糯尤.,哇塞,哇塞,哇塞,1
小红薯5ED5DD4D,夸夸空子,夸夸空子,夸夸 空子,1
祁祁77,河南！！！,河南,河南,0
枝枝xllm,洛阳人狂喜,洛阳人狂喜,洛阳人 狂喜,1
生啃见手青,给秦彻补卡,给秦彻补卡,秦彻 补卡,1
拿铁星球,新年快乐！！！联动非物质文化遗产，空子好！！猎人小姐们也新年快乐，男主们也快乐！,新年快乐 联动非物质文化遗产 空子好 猎人小姐们也新年快乐 男主们也快乐,新年快乐 联动 物质 文化遗产 空子 猎人 小姐 新年快乐 男主们 快乐,1
Momo,河南人来了！！俺不中嘞！！！！,河南人来了 俺不中嘞,河南人,0
痛击你的下体,太好啦不怕这次ip联动我去不了了，我就在洛阳,太好啦不怕这次ip联动我去不了了 我就在洛阳,太好 这次 ip 联动 不了 洛阳,1
Demain,哇哇哇哇这也太好看了！,哇这也太好看了,好看,1
叶子怎么下落,河南好！,河南好,河南,1
开心番茄王.,河南洛阳！你怎么知道我后天就要去洛阳了,河南洛阳 你怎么知道我后天就要去洛阳了,河南 洛阳 知道 后天 就要 洛阳,1
生啃见手青,给秦彻补卡,给秦彻补卡,秦彻 补卡,1
氦氖氩氪仙,夏以昼欢迎回家！,夏以昼欢迎回家,夏以昼 欢迎 回家,1
babe,就不能等我回学校了再联动吗,就不能等我回学校了再联动吗,学校 联动,-1
珍珠酸奶紫米露,河南人幸福了,河南人幸福了,河南人 幸福,0
Lvojveennie,哇这个好，以后多联动的非遗,哇这个好 以后多联动的非遗,以后 联动,1
庸俗,吧这些联动做成挂件啊价格合理点包买的,吧这些联动做成挂件啊价格合理点包买的,联动 做成 挂件 价格合理 包买,1
半杯热橙汁,啊啊啊啊啊洛阳人狂喜,啊洛阳人狂喜,洛阳人 狂喜,1
momo,好厉害，我也想回家，回河南，买不到票,好厉害 我也想回家 回河南 买不到票,厉害 回家 河南 买不到,1
可睡不醒_(study版),ip正确,ip正确,ip 正确,1
每天早上都好困,漂亮,漂亮,漂亮,1
昨夜星,很棒的联动呀,很棒的联动呀,很棒 联动,1
Julianna💫,这游戏真的要占领我们生活的方方面面,这游戏真的要占领我们生活的方方面面,游戏 占领 生活 方方面面,-1
我要吃青草蛋糕,哇塞 太棒了d(^^*),哇塞 太棒了d,哇塞 太棒了,1
青青茉莉,黎深，刚好过年了，咱们这算一起回家了,黎深 刚好过年了 咱们这算一起回家了,黎深 刚好 过年 这算 一起 回家,1
哼哧哼哧噗,不错啊空子,不错啊空子,不错 空子,1
心动变奏曲,联动到我家门口了,联动到我家门口了,联动 家门口,1
奇遇.,这个非遗好好,这个非遗好好,非遗 好好,1
阶段旅程,非遗联动好,非遗联动好,非遗 联动,1
twinkle,哇，是洛阳！,哇 是洛阳,洛阳,1
绵绵小羊🐑,本洛阳人狂喜,本洛阳人狂喜,洛阳人 狂喜,1
钢蛋儿吃桃,啊啊啊啊居然和我老家联动了！！！,啊居然和我老家联动了,居然 老家 联动,1
Fournisseurs,洛阳人狂喜,洛阳人狂喜,洛阳人 狂喜,1
咪梨在睡觉,和黎深一起！,和黎深一起,黎深 一起,1
咚咚锵,心似双丝网，中有千千结,心似双丝网 中有千千结,心似 丝网 中有 千千结,0
momo,就这个非遗，好,就这个非遗 好,非遗,1
Sarhua,和黎深哥哥,和黎深哥哥,黎深 哥哥,1
南瓜敲起来咚咚响,欢迎大家来洛阳玩！！！,欢迎大家来洛阳玩,欢迎 大家 洛阳,1
林攒攒,洛阳！！！！！！上个月刚去的,洛阳 上个月刚去的,洛阳 上个月 刚去,0
蜡笔1016,真好呀,真好呀,真好,1
腿腿腿腿腿（涨粉版）,啊啊啊啊是洛阳呜呜呜呜今年过年不回洛阳你给我来个这,啊是洛阳呜今年过年不回洛阳你给我来个这,洛阳 今年过年 不回 洛阳,1
yyyyyyy,洛阳人狂喜,洛阳人狂喜,洛阳人 狂喜,1
Ridge&Moon,IP正确,ip正确,ip 正确,1
喝一百杯抹茶牛奶,我没有见过花灯，做这么好看，抽一个,我没有见过花灯 做这么好看 抽一个,没有 见过 花灯 好看,1
同心圆🍐,和黎深哥哥一起,和黎深哥哥一起,黎深 哥哥 一起,1
没事不要创业,走心了哈空子,走心了哈空子,走心 空子,0
暖暖一笑似春风,好漂亮的联名！,好漂亮的联名,漂亮 联名,1
麻辣辣,好幸福(❁´ω`❁),好幸福 ω,幸福,1
Li,此灯映处是为家,此灯映处是为家,此灯映,0
春天的气息（冲浪版）,哇，是洛阳,哇 是洛阳,洛阳,1
一苇以航,茫茫人海中，永远有一盏灯，为你点亮……好喜欢这句话,茫茫人海中 永远有一盏灯 为你点亮 好喜欢这句话,茫茫人海 永远 一盏灯 点亮 喜欢 这句,1
小雨念晴,和秦彻一起^ ^,和秦彻一起,秦彻 一起,1
齐司礼重度依赖,六百六十六 洛阳人爽了,六百六十六 洛阳人爽了,六百六十 洛阳人,1
偷星心的猫,不错,不错,不错,1
舔狗只舔沈星回,好漂亮啊,好漂亮啊,漂亮,1
Chloe🐆（见过周深15次版,空子请让写清醒梦的继续写夏以昼剧情好吗,空子请让写清醒梦的继续写夏以昼剧情好吗,空子 清醒 继续 夏以昼 剧情,1
枫小,我靠洛阳！,我靠洛阳,洛阳,0
用户已注销,黎深哥哥！,黎深哥哥,黎深 哥哥,1
黎暝,哇塞～,哇塞,哇塞,1
Jzya.,小黎哥哥一起做灯笼嘛~,小黎哥哥一起做灯笼嘛,小黎 哥哥 一起 灯笼,1
银翼的母牛小秦,漂亮的小黎站中间,漂亮的小黎站中间,漂亮 小黎 中间,1
毛毛雨,天呐，阿空好厉害,天呐 阿空好厉害,天呐 阿空 厉害,1
皮蛋,！刚选课选了河洛非遗，我在洛阳上学,刚选课选了河洛非遗 我在洛阳上学,选课 河洛 非遗 洛阳 上学,0
榴莲皇帝,漂亮！,漂亮,漂亮,1
cureunicorn,去年刚去,去年刚去,去年,0
输入法加载中,这个好看！！！！！我喜欢,这个好看 我喜欢,好看 喜欢,1
月满西楼,太漂亮了,太漂亮了,太漂亮,1
爆烤大面靳,洛阳的猎人小姐感动,洛阳的猎人小姐感动,洛阳 猎人 小姐 感动,1
大理石零零酱,好家伙,好家伙,好家伙,0
薯饼大王🚗,哇塞洛阳！！！我大洛阳！！空砸你出息了,哇塞洛阳 我大洛阳 空砸你出息了,哇塞 洛阳 我大 洛阳 出息,1
张萝卜妈妈喊你回家吃饭,我去年去过了,我去年去过了,去年 去过,0
半只仓鼠,很用心的活动！空子我要夸夸你！一直很喜欢非遗文化，让世界也更多了解属于我们的中华民族底蕴！,很用心的活动 空子我要夸夸你 一直很喜欢非遗文化 让世界也更多了解属于我们的中华民族底蕴,用心 活动 空子 我要 夸夸 喜欢 非遗 文化 世界 了解 属于 中华民族 底蕴,1
云橘,好棒！,好棒,好棒,1
昭昭昕,洛阳的服装和灯会都超级好看,洛阳的服装和灯会都超级好看,洛阳 服装 灯会 超级 好看,1
看到我请让我去睡觉,能不能主线不要这么多站桩啊,能不能主线不要这么多站桩啊,主线 多站,-1
配音界非知名cv远山,来镇江吧！好多名胜古迹！,来镇江吧 好多名胜古迹,镇江 好多 名胜古迹,1
阳阴师,希望恋与深空越来越好,希望恋与深空越来越好,希望 深空 越来越,1
亚里士,每次非遗联动都做得很好！夸!,每次非遗联动都做得很好 夸,每次 非遗 联动,1
玉子烧,好棒的联动，以后多多益善，阿空新的一年多听取玩家意见，好好做,好棒的联动 以后多多益善 阿空新的一年多听取玩家意见 好好做,联动 以后 多多益善 阿空 一年 听取 玩家 意见 好好,1
邪恶小兔,欢迎猎人小姐来我们河南洛阳玩哦~,欢迎猎人小姐来我们河南洛阳玩哦,欢迎 猎人 小姐 河南 洛阳,1
宇宙旅行,看到了洛邑古城 这洛阳去的太值了,看到了洛邑古城 这洛阳去的太值了,看到 洛邑 古城 洛阳 太值,1
Aoi,美……多和非遗联动，最好带动点销量之类的，做点实事,美 多和非遗联动 最好带动点销量之类的 做点实事,联动 最好 带动 销量 做点 实事,1
yaya,和黎医生一起制作宫灯,和黎医生一起制作宫灯,医生 一起 制作 宫灯,1
纯情烈火麦乐福,好耶好耶!我记得问卷里有一个问题是“你被什么吸引来恋与深空的”，都没有找到我想选的选项。其实是一开始和卫星的联名,好耶好耶 我记得问卷里有一个问题是 你被什么吸引来恋与深空的 都没有找到我想选的选项 其实是一开始和卫星的联名,好耶好 记得 问卷 问题 吸引 来恋 深空 没有 找到 选项 卫星 联名,1
Gakki,人间事写得特别好，继续保持,人间事写得特别好 继续保持,人间 事写 特别 继续 保持,1
momo,有一说一联动是真的用心 好几次都是非遗 还宣传了传统文化……这点特别好,有一说一联动是真的用心 好几次都是非遗 还宣传了传统文化 这点特别好,联动 用心 几次 是非 宣传 传统 文化 这点 特别,1
JYM&,超漂亮的阿空！,超漂亮的阿空,漂亮 阿空,1
Akaashi.,阿空好棒！！！夸夸！,阿空好棒 夸夸,阿空 夸夸,1
喵嗷,新年就要挂灯笼🏮🏮🏮,新年就要挂灯笼,新年 就要 灯笼,1
iiiinnnn,大哥，你主线你自己能看吗，把我塑造成啥了,大哥 你主线你自己能看吗 把我塑造成啥了,大哥 主线 塑造成,-1
兔球球收藏家,😯好漂亮！阿空继续努力！多和非遗联动,好漂亮 阿空继续努力 多和非遗联动,漂亮 阿空 继续 努力 联动,1
咕咕喝水（吃谷版）,太好啦 非遗联动,太好啦 非遗联动,太好 非遗 联动,1
什么菜,芥末漂亮,芥末漂亮,芥末 漂亮,1
憨八嘎（all⭐推）,哇，是我们河南洛阳诶,哇 是我们河南洛阳诶,河南 洛阳,1
簌簌南木,非遗联动很好，🙅🏻‍♀️问卷里内娱相关，空子好好打磨主线，稳定并明确主线更新频率和时间,非遗联动很好 问卷里内娱相关 空子好好打磨主线 稳定并明确主线更新频率和时间,非遗 联动 问卷 内娱 相关 空子 好好 打磨 主线 稳定 明确 主线 更新 频率 时间,1
yyn,我老家是洛阳的啊啊啊啊啊啊,我老家是洛阳的啊,老家 洛阳,0
争气猫,诶嘿我去年去过洛阳玩,诶嘿我去年去过洛阳玩,去年 去过 洛阳,0
日富一日,四不是有新三星！,四不是有新三星,三星,0
茉茉小狗头,啊啊啊每次非遗联动都好像要🥺,啊每次非遗联动都好像要,每次 非遗 联动 好像,0
冰镇麦香鱼,洛阳小狸花狂喜,洛阳小狸花狂喜,洛阳 小狸花 狂喜,1
梦屿.,小回和小兔子,小回和小兔子,小回 小兔子,0
哼哼唧唧,阿空全球玩家5000万更要好好搞文化输出啊,阿空全球玩家万更要好好搞文化输出啊,阿空 全球 玩家 好好 文化 输出,1
白厄白饿了,喜欢！守护每一个正常的评论区！,喜欢 守护每一个正常的评论区,喜欢 守护 正常 评论,1
正经鱼巴,你在非遗方面的宣传很用心，这个很好。可不可以一起在主线剧情也用心一点,你在非遗方面的宣传很用心 这个很好 可不可以一起在主线剧情也用心一点,方面 宣传 用心 可不可以 一起 主线 剧情 用心,0
紫菜拌黄瓜,支持支持，如果能多更主线剧情就更好了,支持支持 如果能多更主线剧情就更好了,支持 支持 主线 剧情 更好,1
小榴莲649BFDE1,喜欢非遗联动！！,喜欢非遗联动,喜欢 非遗 联动,1
好吃的要一起分享,重新发正常问卷，现在发的什么玩意儿，我都懒得填,重新发正常问卷 现在发的什么玩意儿 我都懒得填,重新 正常 问卷 现在 玩意儿 懒得,-1
小小威化饼_,妈呀妈呀最近刚去完洛阳旅游回来,妈呀妈呀最近刚去完洛阳旅游回来,妈呀 妈呀 最近 刚去 洛阳 旅游 回来,0
momo,终于到我大洛阳了,终于到我大洛阳了,终于 洛阳,1
siren,好好看，就是每次听他们一本正经介绍男主和我在干嘛巴拉巴拉就有点想笑,好好看 就是每次听他们一本正经介绍男主和我在干嘛巴拉巴拉就有点想笑,好好看 每次 一本正经 介绍 男主 干嘛 巴拉巴,1
整式因式分解,好喜欢这次的联名,好喜欢这次的联名,喜欢 这次 联名,1
刑樰,补卡,补卡,补卡,0
庭雨,啊啊啊啊啊，我就在洛阳,啊 我就在洛阳,洛阳,0
momo,非遗联动好！夸夸！,非遗联动好 夸夸,非遗 联动 夸夸,1
Camellia～,剧情可以好好写吗,剧情可以好好写吗,剧情 好好,-1
momo,真不错👍🏻,真不错,真不错,1
NotCheese,非遗好啊非遗好！,非遗好啊非遗好,遗好 遗好,1
springrolls.,阿空加油！我们还会有很多个新年,阿空加油 我们还会有很多个新年,阿空 加油 还会 很多 新年,1
春山雾🍃,阿空，请多和非遗联名！,阿空 请多和非遗联名,阿空 联名,1
一只小汐,点赞,点赞,点赞,1
晴日,和非遗联动很用心！好评,和非遗联动很用心 好评,联动 用心 好评,1
缇桉,终于到我的家乡了,终于到我的家乡了,终于 家乡,1
暖风迟日杏花时,这个好，五个男主都在上面了,这个好 五个男主都在上面了,五个 男主 上面,1
momo,这个联动好,这个联动好,联动,1
念念,建议出英文，日语，韩语等版本，你的游戏有多少个语言版本，文化宣传视频就出多少个版本。,建议出英文 日语 韩语等版本 你的游戏有多少个语言版本 文化宣传视频就出多少个版本,建议 英文 日语 韩语 版本 游戏 语言 版本 文化 宣传 视频 版本,0
打芒糕手,这个联动好,这个联动好,联动,1
野棠梨,支持阿空多和非遗联动啊啊啊啊！很喜欢！太有年味了,支持阿空多和非遗联动啊 很喜欢 太有年味了,支持 阿空 联动 喜欢 太有,1
momo,复活吧阿空,复活吧阿空,复活 阿空,1
秦玚,洛阳啊,洛阳啊,洛阳,0
用户已注销,哇好看,哇好看,好看,1
青云,希望能多多更新主线,希望能多多更新主线,希望 多多 更新 主线,1
爱吃小笼包,喜欢和非遗联动！！,喜欢和非遗联动,喜欢 联动,1
日薪月亿,宣传我国优秀传统文化非常有意义，为阿空点赞,宣传我国优秀传统文化非常有意义 为阿空点赞,宣传 我国 优秀 传统 文化 意义 阿空点,1
lile,好美的红,好美的红,美的,1
请对我好些🙏,出息了,出息了,出息,1
芽芽鱼_.,昨天我填的表就有非遗,昨天我填的表就有非遗,昨天,0
小红薯60E4CF60,你游戏里的灯笼也挺好看的，哦，当然是在夸我自己做得好看,你游戏里的灯笼也挺好看的 哦 当然是在夸我自己做得好看,游戏 灯笼 好看 当然 做得好,1
momo,新年快乐,新年快乐,新年快乐,1
季风吟,爱看这种,爱看这种,爱看,1
等雪停,好好改剧情，剧情太不合理了,好好改剧情 剧情太不合理了,好好 剧情 剧情 不合理,-1
小z今天加班了么,这么好看的联动，有兑换码嘛，给钻嘛,这么好看的联动 有兑换码嘛 给钻嘛,好看 联动 兑换 码嘛,1
洋洋一烊,好棒,好棒,好棒,1
ymmmmmmm,空瓶滚开啊！拒绝站桩拒绝催氪，主线动画家园系统什么时候抬！！！,空瓶滚开啊 拒绝站桩拒绝催氪 主线动画家园系统什么时候抬,空瓶 滚开 拒绝 拒绝 主线 动画 家园 系统,-1
鱼鱼（married版）,阿空继续加油，会一直一直和小鱼走下去,阿空继续加油 会一直一直和小鱼走下去,阿空 继续 加油 小鱼 下去,1
叶叶耶耶耶.,好啊好，夸夸,好啊好 夸夸,夸夸,1
絮,阿空好好干 我要当幸福女人,阿空好好干 我要当幸福女人,阿空 好好 我要 幸福 女人,1
Xiu_哈,削弱流浪体,削弱流浪体,削弱 流浪,-1
ᅠᅠᅠᅠᅠᅠ,天天联非遗，你倒是出点周边,天天联非遗 你倒是出点周边,天天 联非 出点 周边,-1
小z今天加班了么,好好看！,好好看,好好看,1
燕雀安知了,文化输出棒👍🏻（๑ `▽´๑),文化输出棒,文化 输出,1
Yhefug（当牛🐴中）,好耶，联动到家门口了,好耶 联动到家门口了,联动 家门口,1
颜兮,受不了了，暑假时候怎么不整！！！,受不了了 暑假时候怎么不整,受不了 暑假 不整,-1
动次菇次🎵,好耶！夸夸空子！,好耶 夸夸空子,夸夸 空子,1
山羊爱吃红薯,好棒的联动！,好棒的联动,联动,1
芝芝。,喜欢这种联动,喜欢这种联动,喜欢 联动,1
苏叶漓修沫（穷鬼版）,多多联动非遗,多多联动非遗,多多 联动 非遗,1
昭昭昕,这次的主线好看！有趣！（但有些地方挺尴尬滴）希望之后多多更主线！,这次的主线好看 有趣 但有些地方挺尴尬滴 希望之后多多更主线,这次 主线 好看 有趣 地方 尴尬 希望 之后 多多 主线,1
乌龙香草脆啵啵,啊啊啊啊啊啊啊啊啊啊好漂亮,啊好漂亮,漂亮,1
momo,好看,好看,好看,1
林奕,给秦彻补卡,给秦彻补卡,秦彻 补卡,1
ymmmmmmm,什么时候更新主线！拒绝站桩！,什么时候更新主线 拒绝站桩,更新 主线 拒绝,-1
wowo,洛阳！,洛阳,洛阳,0
zqs,喜欢喜欢，好棒！！！,喜欢喜欢 好棒,喜欢 喜欢 好棒,1
momomomomo,ip正确,ip正确,ip 正确,1
TO.X,和秦彻一起做花灯,和秦彻一起做花灯,秦彻 一起 花灯,1
凌沥,上午单位正在写福字,上午单位正在写福字,上午 单位 正在 福字,0
红茶桃子奶油,哇 洛阳！,哇 洛阳,洛阳,1
ho1lism',一直觉得这种联动特别好,一直觉得这种联动特别好,联动 特别,1
九～,太棒了,太棒了,太棒了,1
柳泽,蛙趣！！,蛙趣,蛙趣,0
momo,非遗好耶,非遗好耶,遗好,1
已经开始学习e_e,哇塞…真不错空,哇塞 真不错空,哇塞 真不错,1
Scarlet（好运来！,你多做这些宣传视频骂都会变少信不信,你多做这些宣传视频骂都会变少信不信,宣传 视频 变少 信不信,-1
橘子夏,oi！原来游戏里肝活界面的图是这个,oi 原来游戏里肝活界面的图是这个,oi 原来 游戏 肝活 界面,0
yy,好啊请多一点这种联动,好啊请多一点这种联动,多一点 联动,1
扶老奶奶闯红灯🥕,喜欢非遗联动！！,喜欢非遗联动,喜欢 非遗 联动,1
空暖鸢奇趣录,文化输出，好！,文化输出 好,文化 输出,1
大不了睡一觉,阿空加油复活！新的一年好好干！,阿空加油复活 新的一年好好干,阿空 加油 复活 一年 好好,1
jianiiiii,能明确一下什么时候更新主线吗？1.0-2.0-3.0“我”感觉越来越降智了，我需要更多的主线证明作为猎人小姐的“我”的塑造不是这样的……,能明确一下什么时候更新主线吗 我 感觉越来越降智了 我需要更多的主线证明作为猎人小姐的 我 的塑造不是这样的,明确 更新 主线 越来越 降智 需要 主线 证明 猎人 小姐 塑造,-1
six,期待期待,期待期待,期待 期待,1
薯道难,好好好 这个好 评论区也好！,好 这个好 评论区也好,评论,1
明聍,！！！好好做！,好好做,好好,1
年黏,给秦彻补卡,给秦彻补卡,秦彻 补卡,1
AAA蜜瓜酸奶批发祁少,好！又是非遗！特别好！阿空好好干,好 又是非遗 特别好 阿空好好干,是非 特别 阿空 好好,1
邪恶小兔,哇塞是我们河南洛阳额，深空你是做过功课的,哇塞是我们河南洛阳额 深空你是做过功课的,哇塞 河南 洛阳 深空 功课,1
用户已注销,哇塞空子 我真要夸你了 这次联名特别好 登游戏给我的感觉就是年味很浓 主线也不错 把前面都串起来了 希望你好好干 多更主线 我会一直玩的,哇塞空子 我真要夸你了 这次联名特别好 登游戏给我的感觉就是年味很浓 主线也不错 把前面都串起来了 希望你好好干 多更主线 我会一直玩的,哇塞 空子 真要 这次 联名 特别 游戏 年味 很浓 主线 不错 前面 起来 希望 好好 主线 我会,1
游.,洛阳,洛阳,洛阳,0
暖风迟日杏花时,联动了好多好多非遗,联动了好多好多非遗,联动 好多好多 非遗,1
qyzyqxcxsxgyl,好好做，新的一年还氪,好好做 新的一年还氪,好好 一年,1
麻辣年糕（恶毒版）,好好看,好好看,好好看,1
夏日赏雪,喜欢非遗联动,喜欢非遗联动,喜欢 非遗 联动,1
年黏,给秦彻补卡,给秦彻补卡,秦彻 补卡,1
小乐.,和星星共赴春天,和星星共赴春天,星星 共赴 春天,1
栖雩.,阿空，请多多宣传非遗文化，不仅给自己看，也要给海外都看到，加油！,阿空 请多多宣传非遗文化 不仅给自己看 也要给海外都看到 加油,阿空 多多 宣传 非遗 文化 海外 看到 加油,1
四十四,好看！我也想要这个,好看 我也想要这个,好看 想要,1
玥光骑士🎧,这是真的，点出去再点进来赞会变多,这是真的 点出去再点进来赞会变多,这是 出去 再点 进来 赞会 变多,0
恋祺日记,好好看,好好看,好好看,1
响铃卷,宫灯真的很好看，很有过年气氛,宫灯真的很好看 很有过年气氛,宫灯 好看 过年 气氛,1
春风十里吹不动你,这个联动好啊,这个联动好啊,联动,1
Rose予_,多联非遗真的喜欢,多联非遗真的喜欢,多联非 喜欢,1
黎黎原上草,联动好好好,联动好,联动,1
望仔,太美了，一上线就刷到了哈哈哈,太美了 一上线就刷到了哈,太美 上线,1
Massu,洛阳人幸福了,洛阳人幸福了,洛阳人 幸福,1
一杯橘子汽水,好漂亮！期待新联动！恋与深空越来越好！,好漂亮 期待新联动 恋与深空越来越好,漂亮 期待 联动 深空 越来越,1
星蕴染,啊啊啊是洛阳,啊是洛阳,洛阳,1
Zz,啊啊啊啊洛阳的,啊洛阳的,洛阳,0
ᅠ安白-（被贴脸至半死不活版,“愿有情人永结同心，恩爱白首”🥺,愿有情人永结同心 恩爱白首,有情人 永结同心 恩爱 白首,1
fomalhaot（不买谷版）,建议送我一盏,建议送我一盏,建议 一盏,1
崇月.,好好好！阿空好！联动好！,好 阿空好 联动好,阿空 联动,1
小圆,这个整挺好啊空子,这个整挺好啊空子,整挺 空子,1
半只仓鼠,哇哇哇！出息啦空子！,哇 出息啦空子,出息 空子,1
快乐甜菜,啊啊啊洛阳人狂喜,啊洛阳人狂喜,洛阳人 狂喜,1
YiiiiiL,和祁煜一起制花灯,和祁煜一起制花灯,祁煜 一起 花灯,1
小熊曲奇,永远有一盏灯为你而亮，太赞了，点了,永远有一盏灯为你而亮 太赞了 点了,永远 一盏灯 而亮 太赞,1
の,阿空多联动非遗,阿空多联动非遗,阿空 联动 非遗,1
冬眠,阿空好棒,阿空好棒,阿空,1
依之🐟,第一,第一,第一,0
达拉崩啦,就要宣扬传统文化！！,就要宣扬传统文化,就要 宣扬 传统 文化,1
闪耀魚魚！,耶耶！,耶耶,耶耶,1
猹猹的幻想泡沫,APP登录不上去，赶快修复一下！！,app登录不上去 赶快修复一下,app 登录 上去 赶快 修复,-1
猫与小八,惟愿有情人永结同心、恩爱白首，空子有心了,惟愿有情人永结同心 恩爱白首 空子有心了,惟愿 有情人 永结同心 恩爱 白首 空子 有心,1
坚定的西瓜🍉,洛阳人狂喜！！！,洛阳人狂喜,洛阳人 狂喜,1
邪恶小兔,深空宣传传统文化，深空好,深空宣传传统文化 深空好,深空 宣传 传统 文化 深空,1
Elaine,第一☝️,第一,第一,0
Milky（接妆版）,也是ip正确了,也是ip正确了,ip 正确,0
空盏,？！河南人狂喜，隔壁平顶山发来贺电,河南人狂喜 隔壁平顶山发来贺电,河南人 狂喜 隔壁 平顶山 发来 贺电,1
小满,好评，请多多联动非遗，宣传中华文化!,好评 请多多联动非遗 宣传中华文化,好评 多多 联动 非遗 宣传 中华文化,1
zimu叽木_,可以啊空子,可以啊空子,空子,0
爱吃砂糖橘的香菜,我滴个乖乖,我滴个乖乖,我滴个 乖乖,0
七七七七七,不错呀,不错呀,不错呀,1
染兮疏柚,联动的很好,联动的很好,联动,1
深林藏鹤,非遗联动好耶,非遗联动好耶,非遗 联动,1
云淡风轻,好漂亮,好漂亮,漂亮,1
世界上根本没有永远,永结同心 恩爱百首,永结同心 恩爱百首,永结同心 恩爱 百首,1
琰琰,又合作了阿空,又合作了阿空,合作 阿空,0
我不发疯谁发疯,好耶，夸夸你,好耶 夸夸你,夸夸,1
花小狸(亮点养🐦版),芜湖,芜湖,芜湖,0
白璃不是梨,哇塞,哇塞,哇塞,1
乌墨水镜,恋与深空，你出息了！！！,恋与深空 你出息了,深空 出息,1
小栗,太棒了,太棒了,太棒了,1
supine,前排,前排,前排,0
要长脑子了,河南人狂喜,河南人狂喜,河南人 狂喜,1
林卿沫,好好看,好好看,好好看,1
momo,哇咔咔好看,哇咔咔好看,好看,1
焱焱焱,阿空越来越好！！！,阿空越来越好,阿空 越来越,1
の,可以这个联动,可以这个联动,联动,0
Karasawa Yukiho,？第一？,第一,第一,0
蓝野咲子,什么时候出周年谷,什么时候出周年谷,周年,0
Bellachen,這個不出週邊你糊塗啊,這個不出週邊你糊塗啊,這個 不出 週邊 糊塗,1
雷贝拉唑,沈星回！,沈星回,沈星回,0
abcsong,哇，好棒,哇 好棒,好棒,1
用户已注销,好漂亮!,好漂亮,漂亮,1
Andrea,非遗多联,非遗多联,遗多联,0
瑾汐,第一,第一,第一,0
岁穗.碎碎,哇 好看,哇 好看,好看,1
银翼的母牛小秦,文化传承 文化创新 期待空子和男主们一起 让中华文化更悠久,文化传承 文化创新 期待空子和男主们一起 让中华文化更悠久,文化 传承 文化 创新 期待 空子 男主们 一起 中华文化 悠久,1
呵呵,和小黎一起去放烟花,和小黎一起去放烟花,小黎 一起 烟花,1
单机愉快,和雪梨果果一起看洛阳宫灯 和雪梨果果一起过大年啦,和雪梨果果一起看洛阳宫灯 和雪梨果果一起过大年啦,雪梨 果果 一起 洛阳 宫灯 雪梨 果果 一起 过大年,1
Isolde,空子蛮不错的，每次都在搞各种非遗联动，文化只有传承才不会断档，很期待黎深之后会搞什么非遗联动,空子蛮不错的 每次都在搞各种非遗联动 文化只有传承才不会断档 很期待黎深之后会搞什么非遗联动,空子 不错 每次 非遗 联动 文化 传承 不会 断档 期待 黎深 之后 非遗 联动,1
帅黎尝一口,和黎深一起共度佳节，一起去去博物馆学习传统文化,和黎深一起共度佳节 一起去去博物馆学习传统文化,黎深 一起 共度 佳节 一起 博物馆 学习 传统 文化,1
AAA涅亚忠茉之神,这次黎深的声声惜剧情写的很棒,这次黎深的声声惜剧情写的很棒,这次 黎深 声声 剧情 很棒,1
好想嗑糖,青梅竹马的小黎,青梅竹马的小黎,青梅竹马 小黎,0
祁煜骑鱼吃小鱼🐟,阿空，多多和非遗文化联动，非常喜欢这种，宣传给全世界,阿空 多多和非遗文化联动 非常喜欢这种 宣传给全世界,阿空 多多 文化 联动 喜欢 宣传 全世界,1
桃子是汤圆味的,要和沈星回一起共赴每一个春天！,要和沈星回一起共赴每一个春天,沈星回 一起 共赴 春天,1
lllinsum💙黎深🧡💛💚,我的天呐黎深好浪漫,我的天呐黎深好浪漫,天呐 黎深 浪漫,1
用户已注销,啊啊啊啊啊河南人狂喜，欢迎各位猎人小姐来玩呀，洛阳龙门石窟，开封清明上河园，白云山，老君山，都超级超级美～顺便再推荐一下胡辣汤和水煎包，河南人最爱的小早餐,啊河南人狂喜 欢迎各位猎人小姐来玩呀 洛阳龙门石窟 开封清明上河园 白云山 老君山 都超级超级美 顺便再推荐一下胡辣汤和水煎包 河南人最爱的小早餐,河南人 狂喜 欢迎 猎人 小姐 洛阳龙门石窟 开封 清明 河园 白云山 老君山 超级 超级 顺便 推荐 胡辣汤 水煎包 河南人 最爱 早餐,1
狸安安,能看出很用心，但正常玩家绝不妥协，还我正常社区环镜,能看出很用心 但正常玩家绝不妥协 还我正常社区环镜,看出 用心 正常 玩家 绝不 妥协 正常 社区 环镜,-1
呵呵,好好写主线可以吗？整个主线只有黎深一个正常人,好好写主线可以吗 整个主线只有黎深一个正常人,好好 主线 整个 主线 黎深 正常人,-1
蜜瓜味酸奶鱼,特！别！好！活动特别好，新卡也很好。但是改骂的还是要骂，升空主线文案不够好啊空子，这个也改改,特 别 好 活动特别好 新卡也很好 但是改骂的还是要骂 升空主线文案不够好啊空子 这个也改改,活动 特别 新卡 改骂 升空 主线 文案 不够 空子 改改,1
L,花不尽 月无穷 两心同,花不尽 月无穷 两心同,不尽 无穷 两心同,1
卡卡卡夫卡,和小黎哥哥一起,和小黎哥哥一起,小黎 哥哥 一起,1
深海易碎品,好漂亮！！！祝年年有余、年年有鱼！！,好漂亮 祝年年有余 年年有鱼,漂亮 年年有余,1
狸安安,"在那个温暖平和的世界里，也有秦
彻的影子",在那个温暖平和的世界里 也有秦 彻的影子,温暖 平和 世界 影子,1
💙怎么啦（黎深是黎神）🧡,特别特别配,特别特别配,特别 特别,1
我要吃小兔尾巴,我的天评论区终于正常了，终于不是铺天盖地的……了,我的天评论区终于正常了 终于不是铺天盖地的 了,评论 终于 正常 终于 铺天盖地,1
咕叽咕叽睡不醒,欢迎大家来洛阳哦,欢迎大家来洛阳哦,欢迎 大家 洛阳,1
兔豆泥（毒哑版,共赴春天,共赴春天,共赴 春天,1
用户已注销,福星驾到~,福星驾到,福星 驾到,0
Nyx,喜欢,喜欢,喜欢,1
浅尝風甜（冷峻王子Zayne）,太好看了,太好看了,好看,1
小红薯60E4CF60,你离洛阳近不，我这个地方做到洛阳高铁得7个小时，火车要22个小时，感觉好远啊,你离洛阳近不 我这个地方做到洛阳高铁得个小时 火车要个小时 感觉好远啊,洛阳 地方 做到 洛阳 高铁 得个 小时 火车 要个 小时 好远,0
eau,好幸福好幸福,好幸福好幸福,幸福 幸福,1
恰饭狂人日记,你说的是 赚钱吗,你说的是 赚钱吗,赚钱,0
L,小年快乐,小年快乐,小年 快乐,1
缕瑟,想和山东非遗联动，希望后面有,想和山东非遗联动 希望后面有,山东 非遗 联动 希望 后面,1
谁来剪月光.,黎推人已经麻了,黎推人已经麻了,黎推人,-1
momo,不要急着塑造男主，也要把猎人小姐写得强一点，尽量不要傻白甜,不要急着塑造男主 也要把猎人小姐写得强一点 尽量不要傻白甜,塑造 男主 猎人 小姐 尽量 傻白甜,0
犯困嫌疑人,快来快来，洛阳欢迎猎人小姐们,快来快来 洛阳欢迎猎人小姐们,快来 快来 洛阳 欢迎 猎人 小姐,1
momo【睚眦必报＋存钱版】雷以胱鸟晦魔怔恋与解,可惜家里老猫慢性病要天天吃药不然我就去了。毕竟我老家也是河南的,可惜家里老猫慢性病要天天吃药不然我就去了 毕竟我老家也是河南的,可惜 家里 老猫 慢性病 天天 吃药 毕竟 老家 河南,0
摸🐟爽,新年这条小锦鲤给大家带来满满的福气,新年这条小锦鲤给大家带来满满的福气,新年 这条 锦鲤 大家 带来 满满的 福气,1
东海与凌（⚡🐟版）,woc,woc,woc,0
冬景拾煜,哇，羡慕羡慕,哇 羡慕羡慕,羡慕 羡慕,1
MTJJ.鸣宝,哇哇,哇哇,哇哇,1
簌簌南木,阿空你也是大牌大耍了,阿空你也是大牌大耍了,阿空 大牌 大耍,-1
🌙Wa,宝宝这个灯线下哪里可以看啊,宝宝这个灯线下哪里可以看啊,宝宝 线下,0
醒醒,家门口，公交直达,家门口 公交直达,家门口 公交 直达,0
刺挠行为启示录,多来点高质量的非遗联动，还能宣传中国文化，一举两得,多来点高质量的非遗联动 还能宣传中国文化 一举两得,多来点 高质量 联动 宣传 中国 文化 一举两得,1
小红薯60E4CF60,哇塞，你不会真能过去看吧,哇塞 你不会真能过去看吧,哇塞 不会 真能 过去 看吧,0
momo（身体健康版）,天才,天才,天才,1
临空二旬老人,好漂亮,好漂亮,漂亮,1
Yoloooooooo,狂喜,狂喜,狂喜,1
蔗里糖七颗,啊啊啊啊啊啊好激动,啊好激动,激动,1
用户已注销,补动画时长,补动画时长,动画,0
打倒英国佬,支持！超喜欢,支持 超喜欢,支持 喜欢,1
万事都ok的,完全支持！！！,完全支持,完全 支持,1
不吃醋,加一,加一,加一,0
小小的糯米团,洛阳人爽了+1,洛阳人爽了,洛阳人,1
椰子灰,我现在才发现他竟然发了这个,我现在才发现他竟然发了这个,现在 发现 发了,0
不上班最开心,大家都新年快乐,大家都新年快乐,大家 新年快乐,1
momo,越来越好！！,越来越好,越来越,1
Esther,点了，绣球也想要啊，卖一点吧,点了 绣球也想要啊 卖一点吧,绣球 想要,1
北极贝好吃.,我也kkkkk,我也kkkkk,kkkkk,0
Crystal,都是漂亮宝宝,都是漂亮宝宝,漂亮 宝宝,1
霖铃,官方好像没说要出第六个男主吧,官方好像没说要出第六个男主吧,官方 好像 没说 第六个 男主,0
欢快星光仔✨,游戏做花灯上,游戏做花灯上,游戏 花灯,0
奇迹小白,天哪啊啊啊不得不和秦彻一起去洛阳了,天哪啊不得不和秦彻一起去洛阳了,不得不 秦彻 一起 洛阳,1
Cecilia,我不信 除非带我去一次,我不信 除非带我去一次,不信 带我去 一次,1
龙与狸与绿鲤鱼,1月的视频,月的视频,视频,0
魈潇雨歇,噢噢噢这不得线下搞点展示,噢这不得线下搞点展示,不得 线下 搞点 展示,1
墨水北路,，太可惜了,太可惜了,可惜,-1
葵花飘阳,在发出来的时候和我妈看了三遍汉文帝？,在发出来的时候和我妈看了三遍汉文帝,发出 三遍 汉文帝,1
输入法加载中,IP错误,ip错误,ip 错误,0
momo,恋与深空你咋不早说,恋与深空你咋不早说,深空,-1
叫我小雨吧,哇塞 中啊中啊,哇塞 中啊中啊,哇塞,1
苹果羊要回约兰,哇还没去过,哇还没去过,去过,0
卷耳,好玩好玩,好玩好玩,好玩 好玩,1
momo,这不是 咱刚去过的,这不是 咱刚去过的,咱刚 去过,0
壹鸽仁,蛙趣,蛙趣,蛙趣,0
爱睡觉的猫117,好赞,好赞,好赞,1
新手白梦瑶,有呢 有绣球,有呢 有绣球,绣球,1
再丢东西我就是狗,哦那真是太巧了,哦那真是太巧了,真是 太巧,0
风雨无晴,我草我草,我草我草,我草,0
爷只有一、、阔爱,这就是我们的生活的呀 嘻嘻嘻嘻 开熏,这就是我们的生活的呀 嘻 开熏,生活 开熏,1
彤tong,欢迎来洛阳玩,欢迎来洛阳玩,欢迎 洛阳,1
SUN_山与,一起去洛阳旅游吧,一起去洛阳旅游吧,一起 洛阳 旅游,1
醒醒啊熊熊姐,wkkk哥们儿别搞这样,wkkk哥们儿别搞这样,wkkk 哥们儿 别搞,-1
欢乐小耶,太会了,太会了,太会,1
超级大黄狗,哇塞,哇塞,哇塞,1
_SoryuAsuka_,震惊 来家门口了,震惊 来家门口了,震惊 家门口,1
星瓷,非遗是好文明,非遗是好文明,遗是 文明,1
Noimpty,不管在哪的活动跟咱错过了,不管在哪的活动跟咱错过了,活动 错过,0
呵呵,你能给淼淼小森和我们道个歉吗,你能给淼淼小森和我们道个歉吗,小森 道个,-1
村雨,黎深果果,黎深果果,黎深 果果,0
c优,一直想去洛阳玩！感觉洛阳好美,一直想去洛阳玩 感觉洛阳好美,洛阳 洛阳 好美,1
蔗里糖七颗,欢迎大家来洛阳玩！！！,欢迎大家来洛阳玩,欢迎 大家 洛阳,1
帅气公老鼠,稻米快出来，不然运气和吴邪一样！,稻米快出来 不然运气和吴邪一样,稻米 出来 运气 吴邪,1
北冥,加一,加一,加一,0
不知道起什么名字好就随便起一个吧,感觉这个特好看，私截致歉,感觉这个特好看 私截致歉,好看 私截 致歉,1
心心,吴邪,吴邪,吴邪,0
^_Beautyの椿妤.,戏曲×云堇！！！,戏曲 云堇,戏曲 云堇,0
会唱歌的小星星,梁月！！曲娘！！啊啊啊，竟然带我们1999玩,梁月 曲娘 啊 竟然带我们玩,梁月 曲娘,1
作业和齐嘉豪总得炸一个吧,快来看你家9上榜了,快来看你家上榜了,来看 你家 上榜,0
天真吴邪,是盗墓笔记！,是盗墓笔记,盗墓 笔记,0
哇趣，蓝红你崛起吧！,傩戏和陈伶😄👍🏻👍🏻👍🏻👍🏻👍🏻👍🏻👍🏻,傩戏和陈伶,傩戏 陈伶,0
林又迟,更新一集,更新一集,更新 一集,0
梅源啊没缘（大爱丽丝激推）,庄里人都出来吧→,庄里人都出来吧,庄里 出来,0
林又迟,谁点的小广,谁点的小广,小广,0
人类,好好好一眼全是熟人,好一眼全是熟人,一眼 全是 熟人,1
ch.F,好看,好看,好看,1
阳春花蔓,涂山苏苏,涂山苏苏,涂山 苏苏,0
济安（不要贴脸！想上梁山版）,他们散发着自己的光彩，而不是需要靠所谓的二次元结合获得流量,他们散发着自己的光彩 而不是需要靠所谓的二次元结合获得流量,散发 光彩 需要 所谓 二次元 结合 获得 流量,1
风语,非遗挺震撼的是不是,非遗挺震撼的是不是,遗挺 震撼 是不是,1
执言,我们9991含量超标,我们含量超标,含量 超标,0
啊啊啊,我们小花的花鼓戏呢？,我们小花的花鼓戏呢,小花 花鼓戏,0
🐰🐺🐭,庄里人别躲了，快出来一起躺,庄里人别躲了 快出来一起躺,庄里 人别 出来 一起,1
玄酒,吴邪！！！,吴邪,吴邪,0
日漏林隙,有创意！爱死啦,有创意 爱死啦,创意 爱死,1
鹿桉.,老师，关注你很久了，从去年到现在，之前有要过to签，但忘记说cn啦，可以在要一次嘛,老师 关注你很久了 从去年到现在 之前有要过to签 但忘记说cn啦 可以在要一次嘛,老师 关注 去年 现在 之前 有要 to 忘记 cn 一次,1
江七涵虞xin.,好嘉伙,好嘉伙,好嘉伙,1
醉里挑灯看剑,盗墓笔记也可以呀戏神也可以啊解语花和陈伶，陈宴,盗墓笔记也可以呀戏神也可以啊解语花和陈伶 陈宴,盗墓 笔记 戏神 解语 陈伶 陈宴,1
淇则有岸,天官赐福,天官赐福,天官赐福,0
DM.齐丧,呀~小邪~,呀 小邪,小邪,0
鬼灭.璃🍦,老师可以试一下瓷✘剪纸吗？就是2.5次元那个，老师如果不知道可以上网上搜一下ch,老师可以试一下瓷 剪纸吗 就是 次元那个 老师如果不知道可以上网上搜一下ch,老师 试一下 剪纸 次元 老师 知道 网上 ch,0
浅梦.希,不是很喜欢这种非遗和二次元相融的，感觉有点不对味,不是很喜欢这种非遗和二次元相融的 感觉有点不对味,喜欢 非遗 二次元 相融 不对味,-1
辛福,京剧猫yy ds,京剧猫yy ds,京剧 yy ds,1
04.01,谁懂京剧猫冒出来的那一刻的救赎感！,谁懂京剧猫冒出来的那一刻的救赎感,京剧 冒出来 那一刻 救赎,1
4.15_,天官赐福，百无禁忌！,天官赐福 百无禁忌,天官赐福 百无禁忌,1
新星,这年头还会有人玩重返未来1999吗,这年头还会有人玩重返未来吗,这年头 还会 有人 重返 未来,0
以茸之名,居然带上了道诡,居然带上了道诡,居然 带上,1
能不能让我把十日谷出了心好累,9也是好上了，带9玩激动啊啊啊！！！,也是好上了 带玩激动啊,激动,1
541,不敢笑我们今年高考化学就考了个纸哪吒,不敢笑我们今年高考化学就考了个纸哪吒,不敢 今年 高考 化学 哪吒,0
时来运转,那我们戏神……？,那我们戏神,戏神,1
鲸落南北,9!五！京剧猫！导轨一线！,五 京剧猫 导轨一线,京剧 导轨 一线,0
Dodomo,殷灵的那个嫁衣算不算,殷灵的那个嫁衣算不算,殷灵 嫁衣 算不算,0
羊,京剧和云堇,京剧和云堇,京剧,1
荤素搭配，磕x家,哇哦，有我推！一个我看过，一个我玩那个游戏。,哇哦 有我推 一个我看过 一个我玩那个游戏,看过 那个游戏,1
苦茶仙人,bjm.是？,bjm 是,bjm,0
沈青竹,道诡我不行了,道诡我不行了,不行,-1
菲愚（小猫）ik,渔女萌萌的,渔女萌萌的,渔女 萌萌,1
STY-椋捻,带我们9玩就是好人,带我们玩就是好人,好人,1
Neflibata,傩面魈！！！！！！,傩面魈,傩面,0
申瑾,道…道诡异仙？,道 道诡异仙,诡异,0
骑着大尸鳖去妖灵会馆偷九月泡面（小号）,盗墓笔记是二次元吗？（无恶意）不管有没有二次元非遗，永远不土,盗墓笔记是二次元吗 无恶意 不管有没有二次元非遗 永远不土,盗墓 笔记 二次元 恶意 有没有 二次元 非遗 永远 不土,1
liy_summer,我感觉傩面适合魈,我感觉傩面适合魈,傩面 适合,1
落落,渔女那一段没有音频是因为鱼儿不会说话吗？,渔女那一段没有音频是因为鱼儿不会说话吗,渔女 一段 没有 音频 是因为 鱼儿 不会 说话,0
AAA鸟屎批发厂,陈伶,陈伶,陈伶,0
白墨嫣尘,京剧猫，天官，涂山苏苏,京剧猫 天官 涂山苏苏,京剧 涂山 苏苏,0
阿簇.,喜欢京剧猫,喜欢京剧猫,喜欢 京剧,1
暮归,为什么渔女不说话呀,为什么渔女不说话呀,渔女 说话,0
好人,！带1999玩的都是好宝宝,带玩的都是好宝宝,宝宝,1
繁星不艳,走遍盗墓笔记，我是繁星不艳,走遍盗墓笔记 我是繁星不艳,走遍 盗墓 笔记 繁星 不艳,0
莫名高🐾,好可爱的吴邪,好可爱的吴邪,可爱 吴邪,1
爱爬树的鱼,傩戏也可以是沈难,傩戏也可以是沈难,傩戏 沈难,0
只想睡觉,啊啊啊啊啊天官赐福的别藏了,啊天官赐福的别藏了,天官赐福 别藏,0
Libra 💫,苏苏！！！,苏苏,苏苏,0
阿尔古斯我将一辈子追随你,9竟然能出现两次,竟然能出现两次,出现 两次,0
双面君主sg,梁月！,梁月,梁月,0
『forest』遍野,哇哇哇，坐忘道们在吗？,哇 坐忘道们在吗,坐忘 道们,0
汐玖.（落小姐的勾）,啊啊啊啊啊居然带狐妖玩！,啊居然带狐妖玩,居然 带狐,1
🧊,9你居然火了,你居然火了,居然,0
Cindy的房间,啊，吴邪宝宝好可爱啊,啊 吴邪宝宝好可爱啊,吴邪 宝宝 可爱,1
星辰本辰～,我觉得傩舞戏和原神魈挺配的吧……,我觉得傩舞戏和原神魈挺配的吧,舞戏 原神魈 挺配,1
全网最嚣张周六嘿6661,😱居然有9,居然有,居然,1
。,带1999！！！好人！！！！,带 好人,好人,0
惏。,傩面，魈！,傩面 魈,傩面,0
伶宴,陈伶,陈伶,陈伶,0
透明蓝依,庄园人都出来吧。祝大家不出保底。,庄园人都出来吧 祝大家不出保底,庄园 出来 大家 保底,1
七个勤天,老师还有我们家魈,老师还有我们家魈,老师 家魈,1
Mask冉,天宫姐爬来了,天宫姐爬来了,天宫,0
洛希吃不吃小洛,老师cos的与渔女好还原,老师cos的与渔女好还原,老师 cos 渔女 还原,1
暮归,带我们1999玩儿的都是好人,带我们玩儿的都是好人,玩儿 好人,1
一个青椒,京剧解雨臣,京剧解雨臣,京剧 解雨臣,0
是审神者不是婶婶！,这个博主厉害，关注了,这个博主厉害 关注了,博主 厉害 关注,1
唐怜露,绒花真的很美，我们也做过,绒花真的很美 我们也做过,绒花,1
丞哥无处不在,我去 还有京剧猫,我去 还有京剧猫,京剧,1
千丝鹤,上上周刷到的？,上上周刷到的,上周,0
🉑,9也是站起来了🌚,也是站起来了,起来,1
AAA书页批发商,渔渔真的很美,渔渔真的很美,渔渔,1
小贝我的神,苏苏,苏苏,苏苏,0
念安.🐾,你竟然带了京剧猫！？,你竟然带了京剧猫,京剧,0
道诡同人剧组导演,道诡异仙？,道诡异仙,诡异,0
此骑甚是权威（限流版）,老师傩面给魈！！！,老师傩面给魈,老师 傩面,1
纤云绍星,让我突然想起京剧猫里面这个猫，也会那个非遗水袖,让我突然想起京剧猫里面这个猫 也会那个非遗水袖,突然 想起 京剧 里面 非遗 水袖,1
夏颖是颗星,傩面可以联动东方幻游记,傩面可以联动东方幻游记,傩面 联动 东方 游记,1
铃夕玉（墨苗铃、墨艺夕）,戏曲→解雨臣,戏曲 解雨臣,戏曲 解雨臣,0
晚钟,我的天，梁月，曲娘，吴邪,我的天 梁月 曲娘 吴邪,梁月 曲娘 吴邪,1
不想吃水泥。,京剧ⅹ陈伶,京剧ⅹ陈伶,京剧 陈伶,0
静月,狐妖小红娘,狐妖小红娘,红娘,0
秉熄Bx,傩戏x魈,傩戏x魈,傩戏,0
芸芙散,戏曲×陈伶,戏曲 陈伶,戏曲 陈伶,0
小K,你们可以试着跟猫之茗联动一下因为他们的衣服大多服饰都是汉服,你们可以试着跟猫之茗联动一下因为他们的衣服大多服饰都是汉服,试着 联动 衣服 大多 服饰 汉服,1
千晴（国庆再回来）,来看梁sir,来看梁sir,来看 sir,0
九月七安rostiute,稻米们，快出来，要不然运气跟吴邪一样，记忆力跟张起灵一样，财运跟黑瞎子一样（当然，高考不算咯，祝即将高考的人，高考顺利，考的全会，蒙的全对,稻米们 快出来 要不然运气跟吴邪一样 记忆力跟张起灵一样 财运跟黑瞎子一样 当然 高考不算咯 祝即将高考的人 高考顺利 考的全会 蒙的全对,稻米 出来 运气 吴邪 记忆力 张起 财运 黑瞎子 当然 高考 不算 即将 高考 高考 顺利 全会 全对,1
中式美学研究所,文化传承任重道远,文化传承任重道远,文化 传承 任重道远,0
若鹜vi～,老师，我们家格蕾丝不说话呢？😭🤓,老师 我们家格蕾丝不说话呢,老师 格蕾丝 说话,0
西奥的裤衩,太好了，是吴邪，我们有救了,太好了 是吴邪 我们有救了,太好了 吴邪 有救,1
是楚银月洛小姐呀（暂退）,有吴邪,有吴邪,吴邪,1
红营最后的希望,吴邪,吴邪,吴邪,0
吾乃喵小唐（发疯中）,求求了，来个历喵的吧,求求了 来个历喵的吧,求求 来个,1
肆年,戏曲或傩戏×陈伶!,戏曲或傩戏 陈伶,戏曲 傩戏 陈伶,0
满山猴我腚最红,你猜渔女为什么没有台词,你猜渔女为什么没有台词,渔女 没有 台词,-1
烟雨（愿舟平安）,我们这的非遗是布糊画，其实我想过如果用布糊画的技艺做类似于不织布的东西，就是做成周边啥的，能不能发扬一下呢,我们这的非遗是布糊画 其实我想过如果用布糊画的技艺做类似于不织布的东西 就是做成周边啥的 能不能发扬一下呢,遗是 布糊画 用布 糊画 技艺 类似 织布 东西 做成 周边 发扬,1
Lubeck杏仁糖,梁月警长可爱捏,梁月警长可爱捏,梁月 警长 可爱,1
西棠,啊啊啊！京剧猫！！！,啊 京剧猫,京剧,0
朝暮,谁懂渔女还有哪吒出来时的救赎感,谁懂渔女还有哪吒出来时的救赎感,渔女 哪吒 出来 救赎,1
张起灵,戏服×解雨臣,戏服 解雨臣,戏服 解雨臣,0
Amy,谁懂道诡异仙出来的救赎感？,谁懂道诡异仙出来的救赎感,诡异 出来 救赎,1
你在说一遍,胡说，我们非遗一点都不土！我甚至都想去干这个，但我爸妈不让说我会把自己饿死。,胡说 我们非遗一点都不土 我甚至都想去干这个 但我爸妈不让说我会把自己饿死,胡说 非遗 不土 爸妈 不让 我会 饿死,1
栀屿（杂更）,居然有苏苏,居然有苏苏,居然 苏苏,1
羽雷上学好忙,多坑看着好爽好爽,多坑看着好爽好爽,多坑 看着 好爽 好爽,1
人机黄歪哈,老师老师，傩戏可以搭陈伶吗？（这个算ky吗？如果算的话，就跳过吧）,老师老师 傩戏可以搭陈伶吗 这个算ky吗 如果算的话 就跳过吧,老师 老师 傩戏 陈伶 ky,0
🎧,庄里人都出来吧,庄里人都出来吧,庄里 出来,0
9522989174,看到楚念哥哥了,看到楚念哥哥了,看到 楚念 哥哥,1
路德怎么可能用来嬷啊？！,有没有稻米啊,有没有稻米啊,有没有 稻米,0
lx三千,虽然但是cos的真的很神！！,虽然但是cos的真的很神,cos 很神,1
派蒙,有没有人觉得魈也挺配傩面的,有没有人觉得魈也挺配傩面的,有没有 挺配 傩面,1
朝仓绘璃🌟,知道渔女因为嗓子不能说话,知道渔女因为嗓子不能说话,知道 渔女 嗓子 说话,0
ヨーグルト,我去！梁月,我去 梁月,梁月,0
自由的我,吴邪,吴邪,吴邪,0
Alice🎀,评论区所有“看四字小说的来，不然运气和吴邪一样”全部反弹,评论区所有 看四字小说的来 不然运气和吴邪一样 全部反弹,评论 所有 看四字 小说 运气 吴邪 全部 反弹,0
呓.,箱里人出来吧,箱里人出来吧,箱里 出来,0
Jia,京剧猫！,京剧猫,京剧,0
Natalie.秋果.🍂,我看见了什么了？我竟然看见了京剧猫！,我看见了什么了 我竟然看见了京剧猫,看见 看见 京剧,1
土豆,天官赐福！好宝宝,天官赐福 好宝宝,天官赐福 宝宝,1
蔡F乐松不言,关注啦关注啦,关注啦关注啦,关注 关注,1
青染,怎么有一半都是我混过的圈？,怎么有一半都是我混过的圈,一半 混过,0
隔壁好像打起来了,吴邪小狗,吴邪小狗,吴邪 小狗,1
阿霜喵,暖暖也是和好多个非遗项目搞了联动，云锦、苏绣什么的,暖暖也是和好多个非遗项目搞了联动 云锦 苏绣什么的,好多个 非遗 项目 联动 云锦 苏绣,1
流浪者,魈和云堇算不算呢,魈和云堇算不算呢,算不算,0
靠普,?不是重返未来，咋都出来了,不是重返未来 咋都出来了,重返 未来 出来,0
西梓,如果是真的传承人怎么会说自己家的技艺老土啊？！现在传承人都喜欢蹭别的圈流量吗？真是，要传承不下去的感觉诶,如果是真的传承人怎么会说自己家的技艺老土啊 现在传承人都喜欢蹭别的圈流量吗 真是 要传承不下去的感觉诶,传承 技艺 老土 现在 传承 喜欢 流量 真是 传承 下去,-1
春鲤染荷,藏着的猫民们都出来吧,藏着的猫民们都出来吧,猫民们 出来,0
蓝莓渔酱呀,啊啊啊渔渔太来了！,啊渔渔太来了,渔渔太来,1
纺木纺木栗,梁sir超级帅气！小九也非常非常可爱最喜欢99的打架了,梁sir超级帅气 小九也非常非常可爱最喜欢的打架了,sir 超级 帅气 小九 可爱 喜欢 打架,1
海棠解语,戏曲x解雨臣,戏曲x解雨臣,戏曲 解雨臣,0
长安,在我看到哪吒的时候，我整个人直接弹跳起步,在我看到哪吒的时候 我整个人直接弹跳起步,看到 哪吒 整个 直接 弹跳 起步,1
爱看小说的星星,哇，竟然有《天官赐福》,哇 竟然有 天官赐福,天官赐福,1
青玄,我知道我为什么会刷到了,我知道我为什么会刷到了,知道 会刷,0
light.zhuzi,哇塞,哇塞,哇塞,1
凨惗_悻,为何不带原神？下次把云堇顶上,为何不带原神 下次把云堇顶上,不带 原神 下次 顶上,0
菁毓酿,傩戏x陈伶,傩戏x陈伶,傩戏 陈伶,0
青椒肉丝炒饭,吴邪,吴邪,吴邪,0
飞翔,傩面为什么不用魈或沈傩,傩面为什么不用魈或沈傩,傩面 不用,0
白行舟,9上大分！！！,上大分,上大分,1
岁安,太好了，是曲娘，我有救了！,太好了 是曲娘 我有救了,太好了 曲娘 有救,1
三九还我白银,我家戏神为什么没有｡°(°¯᷄◠¯᷅°)°｡,我家戏神为什么没有,我家 戏神 没有,0
Elk.,我想问一下背景音乐（Ky可删）,我想问一下背景音乐 ky可删,背景音乐 ky,0
落时辞,美女,美女,美女,1
青铜,我靠天官赐福啊啊啊啊啊,我靠天官赐福啊,天官赐福,1
用户已注销,我觉得傩戏应该是我不是戏神里的沈难吧，他本身就是非遗傩戏的传人，推荐看《我不是戏神》里面有很多非遗文化的,我觉得傩戏应该是我不是戏神里的沈难吧 他本身就是非遗傩戏的传人 推荐看 我不是戏神 里面有很多非遗文化的,傩戏 应该 戏神里 沈难 本身 是非 傩戏 传人 推荐 戏神 里面 很多 非遗 文化,1
栖梦夜宴,傩面太配梁月了,傩面太配梁月了,面太配 梁月,1
行。,还有蓝湛,还有蓝湛,蓝湛,0
阾宴,戏神呢,戏神呢,戏神,0
山语不是山芋,还可以花旦x解雨臣,还可以花旦x解雨臣,花旦 解雨臣,1
数学夜🍧,苏苏,苏苏,苏苏,0
小茶teatea,完了全是我坑,完了全是我坑,全是,-1
生而为人，我很抱歉,哪吒哪吒哪吒~~,哪吒哪吒哪吒,哪吒 哪吒 哪吒,0
陆猫猫是块蓝莓味小蛋糕QAQ,还带我们猫民的玩啊,还带我们猫民的玩啊,猫民,1
陵鲤,请问颜值算非遗吗,请问颜值算非遗吗,请问 颜值,0
金币月,渔女好好看,渔女好好看,渔女 好好看,1
陵鲤,请问颜纸算非遗吗,请问颜纸算非遗吗,请问 颜纸,0
陵鲤,浅浅问一下，颜值算非遗吗,浅浅问一下 颜值算非遗吗,浅浅 颜值,0
陵鲤,渔女,渔女,渔女,0
思江念月,戏神的出来吧,戏神的出来吧,戏神 出来,0
ID：露祎婷🥀,渔渔庄里人快出来，不然珍宝保底,渔渔庄里人快出来 不然珍宝保底,渔渔庄 出来 珍宝 保底,-1
核桃讨厌紫薯（回归）,庄园人都出来吧。,庄园人都出来吧,庄园 出来,0
溯安.（限流）,戏曲戏袍可以是我不是戏神的陈伶,戏曲戏袍可以是我不是戏神的陈伶,戏曲 戏袍 戏神 陈伶,1
阿墨墨,天官赐福！！！,天官赐福,天官赐福,0
花兮兮兮兮兮,我靠这也太美了,我靠这也太美了,太美,1
筱寒听雨,京剧猫！,京剧猫,京剧,0
历年,谁说二次元就是不务正业，二次元明明好多知识好吧，我看小说都不要说我，要知道墨香写的有两本都是大火而且魔道祖师还上过纽约大屏，原耽圈还有刑侦破云，吞海,谁说二次元就是不务正业 二次元明明好多知识好吧 我看小说都不要说我 要知道墨香写的有两本都是大火而且魔道祖师还上过纽约大屏 原耽圈还有刑侦破云 吞海,二次元 不务正业 二次元 明明 好多 知识 小说 知道 墨香 两本 大火 祖师 纽约 大屏 耽圈 侦破 吞海,1
渝许许许,zgshrt.也有傩面,zgshrt 也有傩面,zgshrt 傩面,0
[重塑]林七夜,林七夜！！！,林七夜,七夜,0
秘语,有你家鱼鱼。,有你家鱼鱼,你家 鱼鱼,0
cn.宣酒.,吴邪！！,吴邪,吴邪,0
倾羽 king,傩面，魈,傩面 魈,傩面,0
明澄星,我不行了好厉害,我不行了好厉害,不行 厉害,1
愿铃兰花开过盛夏，愿向日葵度过寒冬,ch老师能出吗,ch老师能出吗,ch 老师 能出,0
卿鱼不吃鱼,花旦X解雨臣,花旦x解雨臣,花旦 解雨臣,0
我不喜欢夏天：）,想看第1个和红白囍里面的乌孽,想看第个和红白囍里面的乌孽,第个 红白 里面 乌孽,1
AAA袜子批发老陈,道诡异仙！吴邪！京剧猫！,道诡异仙 吴邪 京剧猫,诡异 吴邪 京剧,0
小无语,我超喜欢的，爱死了,我超喜欢的 爱死了,我超 喜欢 爱死,1
Falcyon,梁月啊啊啊啊啊啊,梁月啊,梁月,0
我要的是填坑，不是完结,吴邪！！！！！,吴邪,吴邪,0
Falcyon,还有曲娘,还有曲娘,曲娘,1
小红薯64743CD2,梁月是谁？,梁月是谁,梁月,0
寒.,稻米快出来吧！,稻米快出来吧,稻米 出来,0
顺子_（语C）,頭七子车爹可以搞变脸的唉,頭七子车爹可以搞变脸的唉,頭七 子车 变脸,0
萨芙,傩面/醒狮/刺绣/戏曲×戏神,傩面 醒狮 刺绣 戏曲 戏神,傩面 醒狮 刺绣 戏曲 戏神,1
䛮訫,京剧猫！！,京剧猫,京剧,0
米玲杰,我的妈呀，第一次看见1999,我的妈呀 第一次看见,妈呀 第一次 看见,0
梁梁月色为你思念成河,是的，中国非物质文化遗产！,是的 中国非物质文化遗产,中国 物质 文化遗产,1
注销了,看到渔女你就可以很自豪的说我玩第五人格,看到渔女你就可以很自豪的说我玩第五人格,看到 渔女 自豪 第五 人格,1
笙歌,朝九晚五的生活还是太爽了,朝九晚五的生活还是太爽了,朝九晚五 生活 太爽了,1
鸢桉,啊！！！！天官赐福,啊 天官赐福,天官赐福,0
我家有条狗叫张雷欧,啊啊啊，天官赐福，天官快来,啊 天官赐福 天官快来,天官赐福 天官 快来,1
莉莉不爱圣诞,妈呀，全看,妈呀 全看,妈呀 全看,1
像素佛,牢大！投稿戏神！！,牢大 投稿戏神,牢大 投稿 戏神,0
kokomi和nanami👻,梁月！！曲娘！！太美了ww🥹,梁月 曲娘 太美了ww,梁月 曲娘 太美 ww,1
桉桉.,啊啊啊啊啊啊吴邪。可爱的吴邪,啊吴邪 可爱的吴邪,吴邪 可爱 吴邪,1
澈白,传统文化在创新里传承，突然就变得具象化了,传统文化在创新里传承 突然就变得具象化了,传统 文化 创新 传承 突然 变得 具象化,1
海棠花TT,1999就是很适合古风啊,就是很适合古风啊,适合 古风,1
想要大佬兔手里的小钱钱,戏曲and瓷,戏曲and瓷,戏曲 and,0
云川,我靠我靠，知道全玩全混的有多爽吗,我靠我靠 知道全玩全混的有多爽吗,知道 全玩全 多爽,1
巧克力好吃🍫,作者也太好了，这种事情居然带我们梁月曲娘玩,作者也太好了 这种事情居然带我们梁月曲娘玩,作者 太好了 事情 居然 梁月 曲娘,1
蓝忘机顶爆魏无羡！,没有魔道祖师吗？,没有魔道祖师吗,没有 祖师,0
溺水的鱼,吴邪真的有儿时纸鸢的柄,吴邪真的有儿时纸鸢的柄,吴邪 儿时 纸鸢,1
我要和天空一起玩,哇塞哇塞居然还有道诡！！,哇塞哇塞居然还有道诡,哇塞 哇塞 居然,1
MY,傩面也可以是陈伶,傩面也可以是陈伶,傩面 陈伶,0
一口一个小孩,好耶是吴邪我们有救了。,好耶是吴邪我们有救了,吴邪 有救,1
陈俊南重度依赖.,稻米们再不出来运气和吴邪一样差,稻米们再不出来运气和吴邪一样差,稻米 出来 运气 吴邪,0
人,傩面可以是戏神的,傩面可以是戏神的,傩面 戏神,0
陆寒.👀,太棒了，还带我们盗墓笔记玩,太棒了 还带我们盗墓笔记玩,太棒了 盗墓 笔记,1
今初z,这把我不是戏神上大分,这把我不是戏神上大分,戏神 大分,1
无语的西红柿番茄,有时候感觉就你那那个，纸鸢有点像唐晓翼,有时候感觉就你那那个 纸鸢有点像唐晓翼,有时候 纸鸢 有点像 唐晓翼,0
第五我恨冈易（疯癫版）,终于带第五人格了,终于带第五人格了,终于 第五 人格,1
楚桉铃💯(再不接无偿版),还带京剧猫玩,还带京剧猫玩,京剧,1
A.哀,京剧猫！！！,京剧猫,京剧,0
伽拉重度依赖,吴邪酱,吴邪酱,吴邪,0
KAI天 辟地！,带京剧猫玩了,带京剧猫玩了,京剧,1
陆寒.👀,渔女好好看！！！,渔女好好看,渔女 好好看,1
佋煜KK,主包主包可以试一下药屋少女的呢喃的猫猫吗,主包主包可以试一下药屋少女的呢喃的猫猫吗,主包 主包 试一下 药屋 少女 呢喃 猫猫,1
玥芽儿,曲娘宝宝,曲娘宝宝,曲娘 宝宝,1
乐可,小说是一次,小说是一次,小说 一次,0
冷泉澪,啊啊啊尖椒，是吴邪,啊尖椒 是吴邪,尖椒 吴邪,0
Leosun-泷季,吴邪,吴邪,吴邪,0
盐水,太好了，还带我们猫民玩,太好了 还带我们猫民玩,太好了 猫民玩,1
精神病院精神病,天官赐福第五人格道诡异仙，好爽啊！,天官赐福第五人格道诡异仙 好爽啊,天官赐福 第五 人格 诡异 好爽,1
此夜安眠,啊啊梁月,啊啊梁月,梁月,0
西瓜五花肉。,老师，我们二次元会来拥护你的。,老师 我们二次元会来拥护你的,老师 二次元 拥护,1
赔钱奥菲不扛刀,好美的一只渔啊,好美的一只渔啊,美的 一只,1
齐墨仄,戏曲×解雨臣或二月红,戏曲 解雨臣或二月红,戏曲 解雨臣 二月,0
yogurt,斩神貌似没有能和非遗结合起来的,斩神貌似没有能和非遗结合起来的,斩神 貌似 没有 结合 起来,0
风里有你的影,我去这个传承方式可太有前途了,我去这个传承方式可太有前途了,传承 方式 可太有 前途,1
の孤城筱,放眼望去全是老熟人,放眼望去全是老熟人,放眼望去 全是 熟人,0
喵～～,你喜欢吗,你喜欢吗,喜欢,0
Mal,原神云堇，传承中华京剧！,原神云堇 传承中华京剧,原神云 传承 中华 京剧,1
婳染OVO,重返未来得了MVP！,重返未来得了mvp,重返 未来 mvp,1
RanLuky_9,哇塞喜欢,哇塞喜欢,哇塞 喜欢,1
知识的味道我知道！,傩面，魈！！！！,傩面 魈,傩面,0
渔.,庄园里的人呢？,庄园里的人呢,庄园,0
铴元,哇哇哇哇哇太爽了，竟然有1999,哇太爽了 竟然有,太爽了,1
倚月,梁月曲娘！,梁月曲娘,梁月 曲娘,0
佐瑞,竟然还有京剧猫,竟然还有京剧猫,京剧,0
用户已注销,天哪居然有道诡,天哪居然有道诡,居然 有道,1
肥美的彩虹呕吐物🌈,司晨伯,司晨伯,司晨,0
5号,带我们9玩的都是好人,带我们玩的都是好人,好人,1
吾名,重返未来你也是火起来了,重返未来你也是火起来了,重返 未来 起来,1
二一QwQ,哇！！！！有第五,哇 有第五,第五,1
浮雲,杨柳青年画X白逸、嗷呜,杨柳青年画x白逸 嗷呜,杨柳青 年画 白逸,1
墨邪是个受,一闪而过的小青姐（京剧猫）,一闪而过的小青姐 京剧猫,一闪而过 小青姐 京剧,0
已故草履虫皇帝,第一个真的特别特别萌而且特别特别还原,第一个真的特别特别萌而且特别特别还原,第一个 特别 特别 特别 特别 还原,1
^解伶瓷.,傩戏，人有难，方为傩，傩舞起，百病消…（可删）,傩戏 人有难 方为傩 傩舞起 百病消 可删,傩戏 人有 方为 舞起 百病,-1
珈茗,1999也是好起来了,也是好起来了,起来,1
夏天的寧子,梁月！,梁月,梁月,0
溯霜,曲娘！！！！！！！,曲娘,曲娘,0
討厭下雨天,啊啊啊啊啊梁月！！😭终于带我们1999玩儿了。,啊梁月 终于带我们玩儿了,梁月 终于 玩儿,1
CvChen-,，我靠我靠，天官赐福！,我靠我靠 天官赐福,天官赐福,1
神经病,京剧猫！,京剧猫,京剧,0
阳光明媚的广式双马尾,这就是创新传承,这就是创新传承,创新 传承,1
烙馍卷馓子,！渔渔,渔渔,渔渔,0
应急食物,难道会有人觉得非遗不帅吗,难道会有人觉得非遗不帅吗,难道 有人 遗不帅,1
星元体,超喜欢梁警官,超喜欢梁警官,喜欢 警官,1
光年（^0^）,我之前看过一个皮影叫《狗头大战鳄鱼》,我之前看过一个皮影叫 狗头大战鳄鱼,之前 看过 皮影 狗头 大战 鳄鱼,0
微热牛奶,梁月！,梁月,梁月,0
白糖,猫民们都快出来吧,猫民们都快出来吧,猫民们 出来,0
术穸,吴邪的语音包是刀子！！！！！！“吴邪，干净无邪”,吴邪的语音包是刀子 吴邪 干净无邪,吴邪 语音 包是 刀子 吴邪 干净 无邪,1
星星✨,考虑考虑头七怪谈呗,考虑考虑头七怪谈呗,考虑 考虑 头七 怪谈,0
cn锦年,其实可以考虑一下我们物华弥新,其实可以考虑一下我们物华弥新,考虑一下 物华 弥新,0
用户已注销,你害的我去买了个纸鸢,你害的我去买了个纸鸢,你害 纸鸢,1
南墨昭昭,京剧猫应该是水袖,京剧猫应该是水袖,京剧 应该 水袖,0
绝世黄瓜*🥒,这次我们9赢了！！！,这次我们赢了,这次,1
豆浆,带9⃣️9⃣️玩就是好人😭😭😭,带 玩就是好人,好人,1
先知电竞快出！,混第五重返盗笔的有福了,混第五重返盗笔的有福了,第五 重返 盗笔,1
蛋仔派对欣冉,如果出瓷呢,如果出瓷呢,出瓷,0
周达优,好美！,好美,好美,1
spooky.雾夕李白,白灵淼！！！！,白灵淼,白灵淼,0
悠悠长白十年约,稻米们别藏了,稻米们别藏了,稻米 别藏,0
37重度依赖,是的没错我玩1999！,是的没错我玩,没错,1
Crumbs,谁懂重返未来出来那刻的救赎感,谁懂重返未来出来那刻的救赎感,重返 未来 出来 那刻 救赎,1
轩轩,那就很有生活了,那就很有生活了,生活,0
lazy,谁懂多坑的救赎感,谁懂多坑的救赎感,救赎,1
安.,坐忘道们出来吧,坐忘道们出来吧,坐忘 道们 出来,0
晓茉呐,红娘们都出来吧,红娘们都出来吧,红娘 出来,0
鸢尾,梁月竟然放第一个，太有排面了,梁月竟然放第一个 太有排面了,梁月 第一个 太有 排面,1
Acacia,出个惊封,出个惊封,出个 惊封,0
可术有点累,京剧猫！！！,京剧猫,京剧,0
ch星眠,吴邪，渔女，是不是等一会还整上约瑟夫？,吴邪 渔女 是不是等一会还整上约瑟夫,吴邪 渔女 是不是 一会 整上 约瑟夫,0
😇,渔女！！！！！,渔女,渔女,0
^denia.泠伝,ww！是苏苏,ww 是苏苏,ww 苏苏,0
神明说,傩戏可以有戏神吗？,傩戏可以有戏神吗,傩戏 有戏,0
小红薯6146CF68,全评论区难道只有我为哪吒疯狂吗？,全评论区难道只有我为哪吒疯狂吗,评论 难道 哪吒 疯狂,1
戎池,老师看看我们物化弥新,老师看看我们物化弥新,老师 看看 物化 弥新,1
梁LLL.,好人，竟然带我们9玩,好人 竟然带我们玩,好人,1
来治猩猩的你,猫民们呢快来,猫民们呢快来,猫民们,1
Kaffee.,谁懂！刚打开就是强梁的爽感！,谁懂 刚打开就是强梁的爽感,打开 强梁 爽感,1
ber,6661也是终于有面子了,也是终于有面子了,终于 面子,1
乔乔不是JOJO,请问那1%是怎么想的？,请问那 是怎么想的,请问,0
脆皮鱼干,我天呢太惊艳了。。,我天呢太惊艳了,我天 惊艳,1
雪染上了白,渔女啊，竟然带我们第5人格玩!!!!,渔女啊 竟然带我们第人格玩,渔女 人格,1
吃不起谷了,京剧和云堇，藤编和蓝砚，舞狮和嘉明，布老虎和瑶瑶,京剧和云堇 藤编和蓝砚 舞狮和嘉明 布老虎和瑶瑶,京剧 藤编 蓝砚 舞狮 嘉明 布老虎 瑶瑶,1
诗银-京剧猫,京剧猫的都来一下,京剧猫的都来一下,京剧,0
一只萝卜鸭🥕,两个1999重返未来你赢了,两个重返未来你赢了,两个 重返 未来,1
墨狸莫弃,纸嫁衣,纸嫁衣,嫁衣,0
羽Tuy,太好了是梁月(^0^)/,太好了是梁月,太好了 梁月,1
温凡😋.,有没有种可能我们课外班今天写非遗作文,有没有种可能我们课外班今天写非遗作文,有没有 可能 课外 今天 写非 作文,0
梅子,这个这个！老师推荐你去玩一下！,这个这个 老师推荐你去玩一下,老师 推荐,1
无尽夏,朝九晚五这辈子有了，第五1999过来😋👍,朝九晚五这辈子有了 第五过来,朝九晚五 这辈子 第五 过来,1
安川平奈,唐三彩和渔渔宝宝真的好看！！！！渔女是最看到宝宝,唐三彩和渔渔宝宝真的好看 渔女是最看到宝宝,唐三彩 渔渔 宝宝 好看 渔女 看到 宝宝,1
京向炡阳,太好了有2个1999的🥹👍,太好了有个的,太好了 有个,1
清蕴,傩面x魈,傩面x魈,傩面,0
池栀以恒.,梁月曲娘,梁月曲娘,梁月 曲娘,0
高级动物,主包主包能不能出原神里的角色？求求了！,主包主包能不能出原神里的角色 求求了,主包主 包能 出原 神里 角色 求求,1
囧柠（杂圈）,天官姐快出来吧，不然运气像谢怜,天官姐快出来吧 不然运气像谢怜,天官姐 出来 运气 谢怜,1
甘露寺蜜璃（语c）,OK从现在开始，我学唐三彩,ok从现在开始 我学唐三彩,ok 现在 我学 唐三彩,0
小红薯656CD390,皮影戏加道诡异仙吗？有意思,皮影戏加道诡异仙吗 有意思,皮影戏 加道 诡异 有意思,1
夜倾,不允许没有戏神啊啊啊啊啊啊！！！,不允许没有戏神啊,允许 没有 戏神,-1
ch.云谏,老师老师！试试非遗×瓷！！！,老师老师 试试非遗 瓷,老师 老师 试试 非遗,1
冬念（去史莱克上学版）,有没有王冬,有没有王冬,有没有 王冬,0
愿见,点错啦，我是巨无敌喜欢的,点错啦 我是巨无敌喜欢的,点错 无敌 喜欢,1
茯苓,到了渔女那就没有声儿了是吧？作者你等着我去北京给你送点东西,到了渔女那就没有声儿了是吧 作者你等着我去北京给你送点东西,渔女 没有 声儿 作者 北京 送点 东西,-1
阿黛尔小姐的草莓蛋糕🍓,我们重返未来有救了！,我们重返未来有救了,重返 未来 有救,1
嘻嘻怪,我的戏神呢,我的戏神呢,戏神,0
山鬼,画画人不要轻易尝试他们的衣服。一个画花纹已经画疯的人跑开了。,画画人不要轻易尝试他们的衣服 一个画花纹已经画疯的人跑开了,画画 轻易 尝试 衣服 花纹,0
吃恐龙的云,谁懂鱼鱼那一刻没有声音啊,谁懂鱼鱼那一刻没有声音啊,那一刻 没有 声音,0
MEIKO酱～,谁懂渔渔出来的救赎感,谁懂渔渔出来的救赎感,渔渔 出来 救赎,1
想吃烧烤,梁月！！,梁月,梁月,0
ch.红星star,ch！,ch,ch,0
我真的没招了,谁懂19、第五人格、哪吒合京剧猫出来那一刻的救赎感？,谁懂 第五人格 哪吒合京剧猫出来那一刻的救赎感,第五 人格 哪吒 京剧 出来 那一刻 救赎,1
susu,竟然带我们小青  淼淼还有苏苏玩，，，,竟然带我们小青 淼淼还有苏苏玩,小青 苏苏,1
零度,道诡异仙也是好起来了,道诡异仙也是好起来了,诡异 起来,1
愿宁喜康（住读版）,有重返！,有重返,重返,1
宁净.的夜晚,哎，第一个好适合魈魈,哎 第一个好适合魈魈,第一个 适合,1
阿桃,居然是9么,居然是么,居然,0
豆艺,梁月,梁月,梁月,0
港诡湍流录,谁懂梁月和曲娘出来时候的救赎感,谁懂梁月和曲娘出来时候的救赎感,懂梁 曲娘 出来 救赎,1
绿色魔芋爽最难吃,居然，居然带我们京剧猫玩天呐这是第一次,居然 居然带我们京剧猫玩天呐这是第一次,居然 居然 京剧 玩天 第一次,1
天真吴邪.钰,吴邪！,吴邪,吴邪,0
谢千汐Silent,曲娘我推！,曲娘我推,曲娘,1
长夏.DH,老师老师，可不可以出原神的云堇和魈，云堇是京剧，魈是傩面,老师老师 可不可以出原神的云堇和魈 云堇是京剧 魈是傩面,老师 老师 可不可以 出原 云堇 京剧 傩面,1
取 名 好 难,这，这种活动，我们九也能参加吗，，！,这 这种活动 我们九也能参加吗,活动 参加,0
依桐,古董呢？,古董呢,古董,0
云辰.,凹凸,凹凸,凹凸,0
恨明月高懸曾獨照我、,变脸×子车甫昭！或者佚名！,变脸 子车甫昭 或者佚名,变脸 子车 佚名,0
牧四诚🐒,全都有的过来→,全都有的过来,全都 过来,0
秋冬的风,居然带了京剧猫玩❗,居然带了京剧猫玩,居然 京剧,1
CH.白瓷(开学退),苏苏！！,苏苏,苏苏,0
虞伏,1999我们喜欢你,我们喜欢你,喜欢,1
溯旧梦S.m.,小月！！！！,小月,小月,0
genius,带9玩的都是好人,带玩的都是好人,好人,1
Kaycii_z,居然有哪吒哎,居然有哪吒哎,居然 哪吒,1
🥦,1999上大分！,上大分,上大分,1
鯲泪,有鱼鱼！,有鱼鱼,有鱼,0
bunny,狐妖的人都出来吧,狐妖的人都出来吧,出来,0
去码头整点薯条,1999也是好起来了,也是好起来了,起来,1
嘎嘣脆,居然有1999,居然有,居然,1
n次循环,看。。。看过,看 看过,看过,0
某意大利画家猫的冰激凌🍦,我们9也是出息了,我们也是出息了,出息,1
森玖_奈兮,谁说玩二次元的是不爱国啊,谁说玩二次元的是不爱国啊,二次元 爱国,1
37感冒灵,为什么渔女不说话呀,为什么渔女不说话呀,渔女 说话,0
萝broborbrobor,感觉傩面也可以配上戏神，,感觉傩面也可以配上戏神,傩面 配上 戏神,0
Aaa时速7000+激情猴子,感觉戏和戏神很搭,感觉戏和戏神很搭,戏神,1
坐牢的司辰,出现了一位能打破9和非遗传统热度魔咒的博主,出现了一位能打破和非遗传统热度魔咒的博主,出现 一位 打破 传统 热度 魔咒 博主,1
冬枳,我看京剧猫啊,我看京剧猫啊,京剧,0
我思高明（明思）,啊啊啊！梁月！曲娘！,啊 梁月 曲娘,梁月 曲娘,0
ovo,为什么渔女那段没声音呢,为什么渔女那段没声音呢,渔女 那段 声音,0
时时有晴天,梁月加油！👍👍👍👍曲娘也加油👍👍👍👍,梁月加油 曲娘也加油,梁月 加油 曲娘 加油,1
似锦寻风,每一个人都在努力的好好保护非遗文化呀,每一个人都在努力的好好保护非遗文化呀,努力 好好 保护 非遗 文化,1
西琳逸韵遐蝶舞,土吗，一点也不土，我也想学但我们学生跟本就没时间,土吗 一点也不土 我也想学但我们学生跟本就没时间,不土 想学 学生 跟本 时间,1
红毛小狐狸我喜欢你,1999你出息了,你出息了,出息,1
拾一点七,梁月宝宝！！！曲娘宝宝！！！！！,梁月宝宝 曲娘宝宝,梁月 宝宝 曲娘 宝宝,1
没有树枝,9！！！！1999你出息了,你出息了,出息,1
奇喵烬星（12月29日生日版）,1999上大分！,上大分,上大分,1
momo,豪堪,豪堪,豪堪,0
顾萧寒,姐姐，快叫我做皮影戏，这几天老是催着让交啊！！,姐姐 快叫我做皮影戏 这几天老是催着让交啊,姐姐 皮影戏 几天 老是,0
深圳破万法,高质,高质,高质,1
奶酪鼠🧀,戏曲陈伶！！！！！！,戏曲陈伶,戏曲 陈伶,0
夏日炎炎,啊刷过了，但没艾特你,啊刷过了 但没艾特你,艾特,0
I尺v尺I,5555什么时候送我司药啊啊啊啊啊,什么时候送我司药啊,司药,0
30+7,有1666和第五和狐妖小红娘，有品,有和第五和狐妖小红娘 有品,第五 和狐 红娘 有品,1
千屿沐风.,傩面也可以是魈！,傩面也可以是魈,傩面,0
胖胖鱼.,坏了一半我都混,坏了一半我都混,一半,-1
偏安,真的很喜欢梁月语音里的强梁谁懂一下😭,真的很喜欢梁月语音里的强梁谁懂一下,喜欢 梁月 语音 强梁,1
有1.4%,戏神，陈伶,戏神 陈伶,戏神 陈伶,0
蓝莓泡芙。,！！！！！！重返未来,重返未来,重返 未来,0
劳当回来吧,9二杀,二杀,二杀,0
吟夜,戏曲也可以陈伶！当然，伶也可以是傩！,戏曲也可以陈伶 当然 伶也可以是傩,戏曲 陈伶 当然,0
桠烬,1999你也是好起来了,你也是好起来了,起来,0
上海禾念被我捅了😋,带9的都是好人,带的都是好人,好人,1
爬海,99二杀,二杀,二杀,0
神话永不翻页,那个梁月绝了,那个梁月绝了,梁月绝,1
怀旧,这就是Cos的意义啊,这就是cos的意义啊,cos 意义,1
用户已注销,我们1999也是好起来了。。？,我们也是好起来了,起来,1
青,我靠第一个梁月是神来的吗。,我靠第一个梁月是神来的吗,第一个 梁月 神来,1
暙沫.,武戏——粱少平,武戏 粱少平,武戏 少平,0
御神乐,想看烙画,想看烙画,烙画,0
幔頻,我游和你喜欢的动漫居然都有，感动。,我游和你喜欢的动漫居然都有 感动,我游 喜欢 动漫 居然 感动,1
兴奋的大啤酒,太好了是9！！！,太好了是,太好了,1
Clisdna.,1999占了俩个😁😁可以可以,占了俩个 可以可以,俩个,1
原咪tx,这个系列不能没有9！对味！,这个系列不能没有 对味,系列 没有 对味,1
汘淼Floraline,太好了是1999我们有救了！！！,太好了是我们有救了,太好了 有救,1
晚枫.Lucky,妈呀！天官赐福！第五人格，，我要炸了,妈呀 天官赐福 第五人格 我要炸了,妈呀 天官赐福 第五 人格 我要,1
白枫www,🤯好好看,好好看,好好看,1
咛莹,道诡确定能上去,道诡确定能上去,确定 上去,0
雪凇不好吃,？还有我们1999点事!,还有我们点事,点事,0
喜欢,渔渔好米,渔渔好米,渔渔好,1
下不愿,这个时候就不得不拿出他们了,这个时候就不得不拿出他们了,不得不 拿出,0
三文鱼.,果然不打重返未来1999的tag就会火，加油加油,果然不打重返未来的tag就会火 加油加油,重返 未来 tag 加油 加油,1
私藏,傩面其实也可以是沈难,傩面其实也可以是沈难,傩面 沈难,0
汀ting,哇！梁月和曲娘！啊啊啊带9玩好耶(≧ω≦)！,哇 梁月和曲娘 啊带玩好耶 ω,梁月 曲娘,1
白梅文质彬彬,Tm全都老熟人,tm全都老熟人,tm 全都 熟人,1
魔鱼摸鱼,让我看看有几个坐忘道,让我看看有几个坐忘道,看看 几个 坐忘,0
春相识,天啊梁月那个声音听的我起鸡皮疙瘩,天啊梁月那个声音听的我起鸡皮疙瘩,梁月 声音 鸡皮疙瘩,1
胡桑叶耶耶～,求苏芙比新年那套！,求苏芙比新年那套,求苏 新年 那套,1
脚气,惊艳我,惊艳我,惊艳,1
银扩,好好看,好好看,好好看,1
沈愿.,多圈人爽死了,多圈人爽死了,多圈 爽死,1
雪棲砂霧風,京剧猫!,京剧猫,京剧,0
林煜,妈呀妈呀，天官，第五，盗墓笔记，哪吒，京剧猫，道诡异仙，苏苏！这很棒了！！,妈呀妈呀 天官 第五 盗墓笔记 哪吒 京剧猫 道诡异仙 苏苏 这很棒了,妈呀 妈呀 第五 盗墓 笔记 哪吒 京剧 诡异 苏苏 很棒,1
不要溫和地走進那個良夜,梁月宝宝😭强梁既出！,梁月宝宝 强梁既出,梁月 宝宝 强梁 既出,1
雪棲砂霧風,傩戏  戏神!!,傩戏 戏神,傩戏 戏神,0
孔宣（祁幻羽）（去小号了）,求歌名,求歌名,歌名,0
桉榇,我上哪找又看京剧猫有玩9的啊,我上哪找又看京剧猫有玩的啊,京剧,0
🙃,没打1999标签果然火了,没打标签果然火了,没打 标签,0
🐼🥢莞莞_Lin🥢🐼,梁月!曲娘!,梁月 曲娘,梁月 曲娘,0
做饭的,老师美美哒,老师美美哒,老师 美美,1
遗憾,怎么还有9啊？有点震惊,怎么还有啊 有点震惊,震惊,0
许我自由,啊啊啊梁月宝宝,啊梁月宝宝,梁月 宝宝,1
沉の术业有专攻,有吴邪,有吴邪,吴邪,1
月牙,咱们9也是出息了 占两个,咱们也是出息了 占两个,出息 两个,1
梧攸,哇哇哇，我们重返也是出息了,哇 我们重返也是出息了,重返 出息,1
自雷,开头梁月美我一跳哎哟🥰🥰,开头梁月美我一跳哎哟,开头 梁月,0
兮寞,稻米们别藏了，都出来吧，出来就会有花爷的财力，吴邪的智商，每天都好运连连！,稻米们别藏了 都出来吧 出来就会有花爷的财力 吴邪的智商 每天都好运连连,稻米 别藏 出来 出来 花爷 财力 吴邪 智商 每天 好运 连连,1
啊叻？,居然带京剧猫，还有涂山，还有重返未来玩太好了,居然带京剧猫 还有涂山 还有重返未来玩太好了,居然 京剧 涂山 重返 未来 太好了,1
兮寞,太好了，看到吴邪、哪吒、涂山苏苏了，终于带我们家小邪和苏苏玩儿了,太好了 看到吴邪 哪吒 涂山苏苏了 终于带我们家小邪和苏苏玩儿了,太好了 看到 吴邪 哪吒 涂山 苏苏 终于 家小 苏苏 玩儿,1
花怜独生女,有猫民吗还,有猫民吗还,猫民,0
天道酬勤,我们梁月终于有口饭吃了,我们梁月终于有口饭吃了,梁月 终于 有口,1
破镜OUO,我天居然有99,我天居然有,我天 居然,1
林又迟,新视频已经在准备啦，这个题材制作会比较耗时，欢迎大家来蹲更新，主包努力做饭中,新视频已经在准备啦 这个题材制作会比较耗时 欢迎大家来蹲更新 主包努力做饭中,视频 准备 题材 制作 比较 耗时 欢迎 大家 更新 主包 努力 做饭,1
初夏,看到渔渔了,看到渔渔了,看到 渔渔了,1
安逸✨,没人在意苏苏吗，好可爱啊,没人在意苏苏吗 好可爱啊,在意 苏苏 可爱,1
霂陵.,1999你出息了,你出息了,出息,1
浮明,全看这些的，开心死了,全看这些的 开心死了,全看 开心,1
周而复始的28天,1999也是好起来了,也是好起来了,起来,1
神秘的艼榆10086,苏苏,苏苏,苏苏,0
辛逝纪芙音战士,稻米别藏了,稻米别藏了,稻米 别藏,0
はるか。,居然带上9玩了,居然带上玩了,居然 带上,0
灵风,1999玩家都出来吧，曲娘超萌啊！！！！,玩家都出来吧 曲娘超萌啊,玩家 出来 曲娘 超萌,1
mumusz,1999上大分,上大分,上大分,1
小耿,傩面X陈伶,傩面x陈伶,傩面 陈伶,0
允许,谁懂都看过的救赎感，简直国宴啊！,谁懂都看过的救赎感 简直国宴啊,看过 救赎 简直 国宴,1
辛逝纪芙音战士,九p别藏了,九p别藏了,别藏,-1
茉莉六块六,小九啊啊啊啊啊曲娘😭😭😭,小九啊曲娘,小九 曲娘,0
Wiesom.,梁月曲娘美美嘟,梁月曲娘美美嘟,梁月 曲娘 美美,1
我要玩1999,带9玩真的太好了😭,带玩真的太好了,太好了,1
Jakayla,点翠呢？,点翠呢,点翠,0
小红薯6884E941,哎呀1999第五人格你们也是出息了,哎呀第五人格你们也是出息了,第五 人格 出息,1
西线无战事,诶呀居然有梁月,诶呀居然有梁月,居然 有梁,1
Sonetto,我们重返未来也是好起来了,我们重返未来也是好起来了,重返 未来 起来,1
晨昏线,道诡异仙怎么不解说了呀,道诡异仙怎么不解说了呀,诡异 解说,0
土豆不吃豆,啊啊啊！包好意思点错了！我真的很喜欢,啊 包好意思点错了 我真的很喜欢,好意思 点错 喜欢,1
根号二.,喵喵喵竟然有我们曲娘,喵竟然有我们曲娘,曲娘,1
阿染不是柒,我们1999出息了,我们出息了,出息,1
美之味,终于带1999玩了，猜猜哪个是1999？,终于带玩了 猜猜哪个是,终于 猜猜,1
好烦,1999你出息了！,你出息了,出息,1
吃百家飯的,你好👋,你好,你好,0
小以🌿,啊啊啊，本来想点怕被骂，终于让我们鸟吃上饭了！！！！！老师好权威,啊 本来想点怕被骂 终于让我们鸟吃上饭了 老师好权威,本来 想点 终于 老师 权威,1
土豆尼到处爬.,或者江主任！（江慧莲）,或者江主任 江慧莲,主任 江慧莲,0
一折亚-见过阿蒲版,这真的很棒！！,这真的很棒,很棒,1
milliards,来了来了，我不要上课起尸,来了来了 我不要上课起尸,上课 起尸,0
^_Beautyの椿妤.,up,up,up,0
赞美欢愉,有的哥们，有的,有的哥们 有的,哥们,0
Levvi,怎么哪都有坐忘道,怎么哪都有坐忘道,坐忘,-1
羊,藤编和蓝砚,藤编和蓝砚,藤编 蓝砚,0
sakura咲夜.,哇塞,哇塞,哇塞,1
哇趣，蓝红你崛起吧！,超合适的😄😄😄,超合适的,合适,1
哒哒,妈呀 好爽,妈呀 好爽,妈呀 好爽,1
虚构数,9你怎么招到人给你拍广力。。,你怎么招到人给你拍广力,招到 广力,-1
烤昱米qw,唐三彩渔女那个皮肤我有哈,唐三彩渔女那个皮肤我有哈,唐三彩 渔女 皮肤,0
香梨,我早就看过了,我早就看过了,早就 看过,0
Gin.,前几个全沾了,前几个全沾了,几个,0
又在摸鱼？,新旧结合本来就是让年轻人感兴趣，让年轻人了解的,新旧结合本来就是让年轻人感兴趣 让年轻人了解的,新旧 结合 本来 年轻人 感兴趣 年轻人 了解,1
自由的我,吴邪，爱你,吴邪 爱你,吴邪,1
兮枝,魈的面具好像就是那个,魈的面具好像就是那个,面具 好像,0
嗣说薰语,太好了是梁月 曲娘 京剧猫我们有救了,太好了是梁月 曲娘 京剧猫我们有救了,太好了 梁月 曲娘 京剧 有救,1
噬雨丷,曲娘是99的对吧,曲娘是的对吧,曲娘,0
小时,好看,好看,好看,1
时代峰峻还钱,权威,权威,权威,0
Girasol,我去好看,我去好看,好看,1
蒽Qiing^,曲娘好像皮肤就长这样,曲娘好像皮肤就长这样,曲娘 好像 皮肤 就长,0
「wwater」,天呐,天呐,天呐,0
神明说,极道万岁,极道万岁,极道 万岁,1
阿靈.,看过了,看过了,看过,0
D.W.🌲,梁月和曲娘是我们1999,梁月和曲娘是我们,梁月 曲娘,1
虚构妄,看过了,看过了,看过,0
湳山,vacalvacal,vacalvacal,vacalvacal,0
NMIXX我会永远爱你们,梁月！！！曲娘！！！！！,梁月 曲娘,梁月 曲娘,0
饮一杯可爱的魈鸟,魈的面具就是傩面,魈的面具就是傩面,面具 傩面,0
Yuu.,我艹 我好喜欢,我艹 我好喜欢,喜欢,1
肖不活了,曲娘给我迷成啥了,曲娘给我迷成啥了,曲娘 迷成,1
-【红心6】.伶,沈难专业的傩,沈难专业的傩,沈难 专业,0
雀羽落在真理之秤,呵主播满脑子都是强梁既出王也不为,呵主播满脑子都是强梁既出王也不为,呵主播 满脑子 强梁 既出,0
小郁,哇塞,哇塞,哇塞,1
Fly me to the 🌙,早九晚五,早九晚五,早九晚,0
暙沫.,武戏—荀元丰,武戏 荀元丰,武戏 元丰,0
yxy,煮啵早就刷到了,煮啵早就刷到了,早就,0
鸭料理,包不能没有的！,包不能没有的,没有,1
起来了zzZ,九也不是只有一两个人玩,九也不是只有一两个人玩,一两个,0
阿巴阿巴,oi，dear！！！！！！,oi dear,oi dear,0
鲨鱼🦈,老师，你怎么可以这么美,老师 你怎么可以这么美,老师,1
西线无战事,居然有6661,居然有,居然,1
L J X,刷过了,刷过了,刷过,0
苏芙比的药剂瓶,居然带我们京剧猫玩！！！有出息，有出息,居然带我们京剧猫玩 有出息 有出息,居然 京剧 出息 出息,1
HoeW^Mar.22,是的！好感动都是我入的圈！,是的 好感动都是我入的圈,感动 我入,1
樱落刀,这个我就不吃了，直接整个吞了,这个我就不吃了 直接整个吞了,不吃 直接 整个,0
宇宙挖宝酱,老师傅：无论如何，传承下去了,老师傅 无论如何 传承下去了,老师傅 无论如何 传承 下去,1
网恋被骗麦当劳儿童套餐,不想花钱，遂自学,不想花钱 遂自学,不想 花钱 自学,0
💖,倒数第3个吧，其他的我都知道，就那个不知道,倒数第个吧 其他的我都知道 就那个不知道,倒数第 知道 知道,0
汪hero,姐妹 你真是成都活地图诶！跟着你去了好多好玩的地方！关🐷你啦！,姐妹 你真是成都活地图诶 跟着你去了好多好玩的地方 关 你啦,姐妹 真是 成都 活地图 跟着 好多 好玩 地方,1
待我如初,这题我会，我还会自己画底图,这题我会 我还会自己画底图,这题 我会 底图,1
一架滑行的C919,之前刻的，家里还有一堆宣纸和印好的稿子,之前刻的 家里还有一堆宣纸和印好的稿子,之前 家里 一堆 宣纸 印好 稿子,0
芷昇昇昇昇,这题我会,这题我会,这题 我会,1
难过那些被浪费掉的爱,你好哇老师 我想问一下可以用一下这篇帖子里的图吗 想完成一下大学生寒假作业 不会商用😭😭,你好哇老师 我想问一下可以用一下这篇帖子里的图吗 想完成一下大学生寒假作业 不会商用,你好 老师 这篇 帖子 完成 大学生 寒假作业 不会 商用,0
煜泥啵啵🐟,价格咋样,价格咋样,价格 咋样,0
小雩🐟💤,哇塞，这个可以跟老板看自己想要的图片定制吗,哇塞 这个可以跟老板看自己想要的图片定制吗,哇塞 老板 想要 图片 定制,1
夢仲潕忧,那我可就太有话语权了，给同学剪OC她给我发了一百多，虽然我整整捣鼓了两个月,那我可就太有话语权了 给同学剪oc她给我发了一百多 虽然我整整捣鼓了两个月,话语权 同学 oc 给我发 一百多 整整 捣鼓 两个,1
清禾宫,还有非遗苏绣也很美哒,还有非遗苏绣也很美哒,非遗 苏绣,1
Hygge-sunny🦁,哇塞，有我喜欢的海贼王,哇塞 有我喜欢的海贼王,哇塞 喜欢 海贼王,1
草莓角cher,借图,借图,借图,0
。。,策安！！！！！,策安,策安,0
火鸡面重度依赖,自己做的送朋友的,自己做的送朋友的,朋友,1
司理堂前,都是机器,都是机器,机器,0
張時予.,也子哥我带走了哈,也子哥我带走了哈,子哥 带走,1
辞玉,学校要写非遗文创调研报告，可以用你的图吗？,学校要写非遗文创调研报告 可以用你的图吗,学校 遗文 调研 报告,0
芝舟🚗🍎,想剪，手残,想剪 手残,手残,0
兔🐰芷(NuoZhi)&陆陆熊,在成都哪里？几号线,在成都哪里 几号线,成都 几号,0
Dreamer.,老师傅：管他啥内容 传下去就是了,老师傅 管他啥内容 传下去就是了,老师傅 内容 传下去,0
草莓山楂糖葫芦,然后今天去就变成198哈,然后今天去就变成哈,今天 变成,0
阿骅田,这题我会,这题我会,这题 我会,1
沐曦,我去成都，大街小巷全都是,我去成都 大街小巷全都是,成都 大街小巷 全都,0
榭鲭,p6右下角纳西妲昨天刚拿下，做的真的巨好看,p右下角纳西妲昨天刚拿下 做的真的巨好看,右下角 纳西妲 昨天 拿下 好看,1
一只鱼,请问可以看见制作过程吗,请问可以看见制作过程吗,请问 看见 制作 过程,0
白芷,呜呜呜，有这家店主的联系方式嘛,呜 有这家店主的联系方式嘛,这家 店主 联系方式,0
mo mo,宝宝可以借用图片上课讲pre吗，不能的话打扰啦,宝宝可以借用图片上课讲pre吗 不能的话打扰啦,宝宝 借用 图片 上课 pre 打扰,0
道不知,这些剪纸都是老板完成的嘛,这些剪纸都是老板完成的嘛,剪纸 老板 完成,0
大梨子鱼🐟🍐,哇塞哇塞 傅融哪那张好有感觉,哇塞哇塞 傅融哪那张好有感觉,哇塞 哇塞 傅融 张好,1
都行随便吧,🚗和副官,和副官,副官,0
䶒回,去不去锦鲤,去不去锦鲤,去不去 锦鲤,0
唯e,亲这是在哪里 这个可以定制吗 多少r啊,亲这是在哪里 这个可以定制吗 多少r啊,定制,0
🍳煎蛋鲸鱼🐳,好厉害,好厉害,厉害,1
魔仙堡子（好运喷雾ing）,有没有二次元宝宝互填问卷！！,有没有二次元宝宝互填问卷,有没有 二次元 宝宝 互填 问卷,0
乱步桑我亲亲亲亲,金沙遗址也有！一眼望去全是熟人,金沙遗址也有 一眼望去全是熟人,金沙 遗址 一眼 望去 全是 熟人,1
土豆仔,我靠!彻子，傅融,我靠 彻子 傅融,彻子 傅融,0
冰恬,在学校给亲友整了一个,在学校给亲友整了一个,学校 亲友 整了,1
很久沒見,博主 能借图吗 用于小组作业,博主 能借图吗 用于小组作业,博主 借图 用于 小组 作业,0
月亮在碗里,我也买啦，上次和朋友一人买了一对谢怜花城,我也买啦 上次和朋友一人买了一对谢怜花城,上次 朋友 一人 一对 谢怜 花城,1
真真真真拉面,哇  ，，，好好看诶,哇 好好看诶,好好看,1
檜咹,疯狂心动,疯狂心动,疯狂 心动,1
我要晕古七了,流下了羡慕的泪水,流下了羡慕的泪水,流下 羡慕 泪水,1
晚风温柔,姐妹可以保存一下你的图吗（只是学术研究，不会用来干别的）,姐妹可以保存一下你的图吗 只是学术研究 不会用来干别的,姐妹 保存 学术研究 不会 用来,0
青璃,这题我会！,这题我会,这题 我会,1
梦游,网上找的图，自己刻了,网上找的图 自己刻了,网上,1
白鹤biu,这家店思机器做的，别打着手工名号………,这家店思机器做的 别打着手工名号,这家 店思 机器 打着 手工 名号,-1
momo,我哩个超绝大张哥啊,我哩个超绝大张哥啊,我哩个 超绝 大张,1
为何痛苦如影随形,这家店叫什么名字,这家店叫什么名字,这家 名字,0
AAA水果批发🚗,自习摸鱼搞了个简单的,自习摸鱼搞了个简单的,自习 摸鱼 搞了个 简单,1
ᅠᅠᅠ,可以借图讲一下剪纸吗？,可以借图讲一下剪纸吗,借图 剪纸,0
沭言,看到了！,看到了,看到,0
Allen,好好看,好好看,好好看,1
雪,这我就有话要说了,这我就有话要说了,有话要说,0
了了,啊啊啊啊啊可惜我没看到,啊可惜我没看到,可惜 看到,0
随时,已打卡,已打卡,打卡,0
一起看日落,woc这个牛掰,woc这个牛掰,woc,1
日的一声打成糊糊。,看到猫猫头了。,看到猫猫头了,看到 猫猫,1
早八求放过,锦里啥都有 还有那种小手办,锦里啥都有 还有那种小手办,锦里 那种 小手,1
FF......,OK啊明天就去,ok啊明天就去,ok 明天,1
黄昏之时可以,上次去看到了,上次去看到了,上次 看到,0
咩咩咩咩咩咩咩咩,黑瞎子,黑瞎子,黑瞎子,0
依哕,太厉害了,太厉害了,厉害,1
SU,第五页的夏彦好可爱啊,第五页的夏彦好可爱啊,第五 夏彦好 可爱,1
Green bamboo,哇塞塞,哇塞塞,哇塞,1
上岸刘亦菲,？高低得去看看,高低得去看看,高低 看看,1
苍槙,有柯南吗,有柯南吗,柯南,0
小谢不吃小蟹,有光夜！,有光夜,有光夜,0
七七.,啊哈,啊哈,啊哈,0
我都当梦女了你让让我,去给我代购,去给我代购,代购,0
易彧症,！！！朋友给我搞的,朋友给我搞的,朋友,0
小饺吃了么^,我勒个痘,我勒个痘,我勒个,0
梓桦喵,好强,好强,好强,1
取啥名字好,好好看,好好看,好好看,1
剪纸恶魔中夜君,为了吃点冷门谷，两眼一睁我就是做,为了吃点冷门谷 两眼一睁我就是做,吃点 冷门 两眼 一睁,1
momo,好好看,好好看,好好看,1
圆圆不园👀,好帅！,好帅,好帅,1
peaches,我这辈子没求过你什么事,我这辈子没求过你什么事,这辈子 没求,0
主控皮套不烫嘴,是在锦里嘛，我上次去也看见这个秦彻了还给朋友拍了,是在锦里嘛 我上次去也看见这个秦彻了还给朋友拍了,锦里 上次 看见 秦彻 还给 朋友,1
薯饼,我天呢。,我天呢,我天,0
势必,给我买芙蓉的,给我买芙蓉的,芙蓉,1
かんい汐,锦里诶 想去,锦里诶 想去,锦里,1
just,感觉是同一家的,感觉是同一家的,一家,0
肆雪凰莲,看看我,看看我,看看,0
流星（好运连连版）,傅融这个绝美！老师可以说下价格么,傅融这个绝美 老师可以说下价格么,傅融 绝美 老师 价格,1
Glory～,礼貌问价,礼貌问价,礼貌 问价,0
黎明不够亮,封面,封面,封面,0
广陵王老五,天才！,天才,天才,1
誰说我不靈的！,我的人脉快给我进货,我的人脉快给我进货,人脉 快给我 进货,1
JesSiCA_蛍,芙蓉好美啊,芙蓉好美啊,芙蓉 好美,1
小木瓜子（好运版),好好看,好好看,好好看,1
Vinia,剪给亲友的,剪给亲友的,亲友,0
小黄同学🌾（暂停营业版）,我的天，吧唧什么的我不会买，但是这种我看到真的会入手,我的天 吧唧什么的我不会买 但是这种我看到真的会入手,吧唧 不会 看到 入手,1
海栗猫,你给我剪两个,你给我剪两个,两个,0
瞧瞧联动了啥,好厉害,好厉害,厉害,1
阿豆拉（关评论版）,我绝对会买的真的,我绝对会买的真的,绝对,1
king86_小太阳🍍,这题我会！ 贫穷使我多才多艺,这题我会 贫穷使我多才多艺,这题 我会 贫穷 多才多艺,0
瓶盖.,妈妈呀！！！！！,妈妈呀,妈妈,0
沛洋洋8,找个时间去哈,找个时间去哈,找个 时间,0
沈了故了个北,好棒,好棒,好棒,1
阿辞呀（被创到戒小红书ing）,诡秘刚从成都旅游回来,诡秘刚从成都旅游回来,诡秘 成都旅游 回来,0
公文包💼一世大帝,我也，但是感觉自己对于剪纸了解的还是太少了,我也 但是感觉自己对于剪纸了解的还是太少了,剪纸 了解 太少,0
枳瑾,老师  国庆有傅融莫  晚上会营业吗,老师 国庆有傅融莫 晚上会营业吗,老师 国庆 傅融 营业,0
AAA阴暗爬行生物,这题我会！,这题我会,这题 我会,0
别逼我了.,之前不是你艾特过了吗,之前不是你艾特过了吗,之前 艾特过,0
小🐟,一眼看到了张起灵,一眼看到了张起灵,一眼 看到 张起,1
Juanita,厉害了,厉害了,厉害,1
旌蛰,自己画剪纸图，然后自己刻,自己画剪纸图 然后自己刻,剪纸,1
澳洲芒果冻,p1两个好帅……,p两个好帅,两个 好帅,1
铁血莫问（怎么才能捏到109,这题我也会,这题我也会,这题,0
朝岚夕霏,这个可以试试，本手残唯一能坚持下来做出成品的手工类型，而且成本非常低，这是当时第一次刻的,这个可以试试 本手残唯一能坚持下来做出成品的手工类型 而且成本非常低 这是当时第一次刻的,试试 本手 唯一 坚持 下来 做出 成品 手工 类型 成本 非常低 这是 当时 第一次,1
李亿多金,买过，拿到家仔细一看不是纸，是机器刻的木板画,买过 拿到家仔细一看不是纸 是机器刻的木板画,买过 拿到 仔细 一看 机器 木板,0
取啥名字好,好好看,好好看,好好看,1
严青（米孝子咔我）,这题我会,这题我会,这题 我会,1
迫降的哈基米,我靠，好看的很啊那个傅融做的,我靠 好看的很啊那个傅融做的,好看 傅融,1
始影,有没有网店,有没有网店,有没有 网店,0
淺沐唯,好好看！！！,好好看,好好看,1
momo,我有纸和刻刀，请问手去哪里领？,我有纸和刻刀 请问手去哪里领,刻刀 请问 手去,0
小苡茉,你别说，这个我还真会,你别说 这个我还真会,真会,0
ENFP,我去啊这个看着就很难,我去啊这个看着就很难,看着,-1
木偶,这个简单呀，自己就能做,这个简单呀 自己就能做,简单,0
梵梵,有没有可爱的成都宝宝可以去玩的时候帮代代有偿,有没有可爱的成都宝宝可以去玩的时候帮代代有偿,有没有 可爱 成都 宝宝 代代 有偿,1
荒一freedom,太与时俱进了有点,太与时俱进了有点,与时俱进,0
周末要去买花,天呐,天呐,天呐,0
你废了你,我的吗评论区开眼了！！,我的吗评论区开眼了,评论 开眼,-1
成都非遗,我知道,我知道,知道,0
企鹅鹅鹅鹅鹅,woc！,woc,woc,0
脆皮鸭鉴赏家,求代购,求代购,代购,0
不取名,我那个破寝室挂都挂不下😥,我那个破寝室挂都挂不下,寝室 挂不下,-1
脆皮粗薯,omg好喜欢,omg好喜欢,omg 喜欢,1
肃穆,博主留意一下我前面的评论吧,博主留意一下我前面的评论吧,博主 留意 前面 评论,0
📷灰原酱,完了，有阿尼亚,完了 有阿尼亚,尼亚,1
卡宝打工日记,都太好看了啊啊啊,都太好看了啊,好看,1
xx,成都是吧。,成都是吧,成都,0
尧一尧,我超爱！！！！ 救命,我超爱 救命,超爱 救命,1
番茄妙蛋,好帅啊,好帅啊,好帅,1
不吃螺蛳粉女士,找到了兼职发展方向🫰🏻,找到了兼职发展方向,找到 兼职 发展 方向,1
蛋挞大人,秦彻,秦彻,秦彻,0
momo,啊啊啊啊，好看,啊 好看,好看,1
张张,我操！,我操,我操,-1
归陆（见过林俊杰版）,好美啊，我也想要剪纸与二次元的混合,好美啊 我也想要剪纸与二次元的混合,好美 想要 剪纸 二次元 混合,1
阿尧要好好踢球⚽,这是干什么！！我的钱包！！…,这是干什么 我的钱包,这是 干什么 钱包,-1
小红薯66F555FE,当爱好可以，想要以此为生好难！难难难！！！！,当爱好可以 想要以此为生好难 难,爱好 想要 以此 为生 好难,-1
bian秘大王,芙芙官那个真的好好看，遇见的话我真的会买,芙芙官那个真的好好看 遇见的话我真的会买,好好看 遇见,1
星美,老天爷能不能给我一点手工,老天爷能不能给我一点手工,老天爷 手工,0
seiso,这种和橡皮章是不是很像,这种和橡皮章是不是很像,橡皮 是不是,0
清语千秋,快看，有小哥和瞎子,快看 有小哥和瞎子,小哥 瞎子,1
Cyberpunk2077,想要这个，要不你学一下,想要这个 要不你学一下,想要,1
ㅤㅤ,哇塞哇塞哇塞真的会想买啊,哇塞哇塞哇塞真的会想买啊,哇塞 哇塞 哇塞 会想,1
一袋萌宠ゃ,那我必须来张我做的,那我必须来张我做的,必须,1
躡雲,好厲害啊,好厲害啊,厲害,1
West,傅融那个好好看,傅融那个好好看,傅融 好好看,1
鳐鱼（长期接缠花剪纸）,这题我会,这题我会,这题 我会,1
麻辣毛豆,玛雅,玛雅,玛雅,0
柒柒不好听,想问一下，授权费是不是很高,想问一下 授权费是不是很高,授权 是不是,0
潘潘 Penny,我似乎也可以掐丝珐琅。看出他俩是谁了吗,我似乎也可以掐丝珐琅 看出他俩是谁了吗,似乎 掐丝 珐琅 看出 他俩,0
Floret,好眼熟，果然是锦里这家，哈哈哈今年暑假也去的成都，这个家好火，在闲鱼上都有,好眼熟 果然是锦里这家 哈今年暑假也去的成都 这个家好火 在闲鱼上都有,眼熟 锦里 这家 今年 暑假 成都 家好 闲鱼,1
思辰（退网）,姐妹多少啊这个,姐妹多少啊这个,姐妹,0
汪hero,👉🏻锦里 正门进去一百米看到一个小摊就看到了～小的正方形的3️⃣5️⃣  大的长方形的5️⃣5️⃣,锦里 正门进去一百米看到一个小摊就看到了 小的正方形的 大的长方形的,锦里 正门 进去 一百米 看到 小摊 看到 正方形 长方形,0
小万小w,宝宝泥好牛…,宝宝泥好牛,宝宝 泥好,1
汪hero,你这个起点有点高啊,你这个起点有点高啊,起点,0
小段,好看,好看,好看,1
夏以萱🍎🐟INFJ,55带框，不带框45,带框 不带框,带框 不带,0
真真真真拉面,傅融好合适,傅融好合适,傅融 合适,1
汪hero,太有实力了,太有实力了,太有 实力,1
H.Z.P,这是在金沙遗址哪里啊，五一假期要去,这是在金沙遗址哪里啊 五一假期要去,金沙 遗址 五一 假期,0
小小小小,哇！！！超赞,哇 超赞,超赞,1
蓝莓,牛爷爷!你快搞,牛爷爷 你快搞,爷爷,0
汪hero,小的正方形的3️⃣5️⃣  大的长方形的5️⃣5️⃣,小的正方形的 大的长方形的,正方形 长方形,0
AAA天然农家柿子批发,二次元的钱就是这么好赚（悄悄记下来）,二次元的钱就是这么好赚 悄悄记下来,二次元 好赚 悄悄 记下来,-1
win,大师？,大师,大师,0
fighting,而且这个店还是激光的啊,而且这个店还是激光的啊,激光,0
我一定能通过考试！,怎么黏上去的啊,怎么黏上去的啊,黏上去,0
在逃幸运星,怎么第一张就是我的两个推,怎么第一张就是我的两个推,第一张 两个,1
壹零贰壹,好漂亮啊啊啊啊啊,好漂亮啊,漂亮,1
黎半夏,我嘞个去！好绝啊,我嘞个去 好绝啊,好绝,1
jim,想要,想要,想要,1
你有まmiu,卧槽国庆去锦里，你是不是要我死,卧槽国庆去锦里 你是不是要我死,国庆 锦里 是不是,-1
Eazin.star💫,国庆去呗,国庆去呗,国庆,0
玛吉_阿米,cutting paper的魅力,cutting paper的魅力,cutting paper 魅力,1
eucaly,！！！哇哇！,哇哇,哇哇,1
肃穆,老师看,老师看,老师,0
太阳同学,看见比利了！还有雅！仆人那个好帅话说，啊啊啊我们刘辩在哪里,看见比利了 还有雅 仆人那个好帅话说 啊我们刘辩在哪里,看见 比利 仆人 好帅 刘辩,1
文黎_,谁去成都，速给我买,谁去成都 速给我买,成都 速给,0
Silver,红红！好看！,红红 好看,红红 好看,1
ä,我哩个人,我哩个人,我哩 个人,0
四處皆然,我和阿宁宁有咨询过皮影，不教,我和阿宁宁有咨询过皮影 不教,宁宁 咨询 皮影 不教,0
neko璇璇子,给你十个,给你十个,十个,-1
汪hero,应该有 而且可以定制 国庆肯定开的 晚上也是,应该有 而且可以定制 国庆肯定开的 晚上也是,应该 定制 国庆 肯定,0
RR,她写了，在锦里,她写了 在锦里,锦里,0
旌蛰,不过这个送室友当生日礼物了,不过这个送室友当生日礼物了,室友 生日礼物,0
见见春天（见过杨笠版）,太厉害了！！！！！,太厉害了,厉害,1
呆呆呆胶布,我回去的时候给你去看看,我回去的时候给你去看看,回去 看看,0
肃穆,老师看,老师看,老师,0
汪hero,已经很厉害了！我们画还画不出呢,已经很厉害了 我们画还画不出呢,厉害 不出,1
不讲栗猫,老师你好牛,老师你好牛,老师 你好,1
朝岚夕霏,可以求求这个的底稿吗，根本找不到葬葬的底稿,可以求求这个的底稿吗 根本找不到葬葬的底稿,求求 底稿 不到 葬葬 底稿,0
Qnoahy,确实诶,确实诶,确实,0
朝岚夕霏,第二次，之后会更快更好,第二次 之后会更快更好,第二次 之后 更好,1
冻梨梨,好看的晕厥,好看的晕厥,好看 晕厥,1
鹤云,可以看看我，我接单,可以看看我 我接单,看看 接单,0
全糖美式,好厉害，一眼看过去好多熟人,好厉害 一眼看过去好多熟人,厉害 一眼 过去 好多 熟人,1
MoMo,我会编铃铛,我会编铃铛,我会 铃铛,0
小苡茉,终于找到自己可以出力的事儿了,终于找到自己可以出力的事儿了,终于 找到 出力 事儿,1
Annie,在锦里,在锦里,锦里,1
RR,举手🙋就在锦里上班，一个周去五天,举手 就在锦里上班 一个周去五天,举手 锦里 上班 周去 五天,0
梅芽崽松鼠人日记🌰,我操,我操,我操,-1
肃穆,老师看,老师看,老师,0
脆皮鸭鉴赏家,好像要,好像要,好像,0
yoyo,好好看,好好看,好好看,1
宇宙无敌超级美少女战士（被千水淞亲过版）,哇塞呀,哇塞呀,哇塞,1
别紧张我不是好人,姐妹你完全可以啊,姐妹你完全可以啊,姐妹 完全,1
长明雪暗逢,南派泛娱你看一看啊,南派泛娱你看一看啊,南派 泛娱 看一看,0
藕尔也想吃点饼,呜呜呜我也 但是我的手工可能不太好,呜我也 但是我的手工可能不太好,手工 可能 不太好,0
本子丨,给，彻子,给 彻子,彻子,0
爱睡觉的猫117,这个好像是可以,这个好像是可以,好像,0
麻辣星球杯,ip错误。。,ip错误,ip 错误,0
暴打蒜苔,你速度去,你速度去,速度,0
潘潘 Penny,应该很容易的啦,应该很容易的啦,应该 容易,0
